STATE,SU_ID,n_obs,econ1_n,econ1_corr,econ1_slope,econ1_r2,econ2_n,econ2_corr,econ2_slope,econ2_r2
NY,0020001173,1,0,,,,0,,,
NY,0020015579,1,0,,,,0,,,
NY,0020016311,1,0,,,,0,,,
NY,0020032720,1,0,,,,0,,,
NY,0020039536,1,0,,,,0,,,
NY,0020057990,1,0,,,,0,,,
NY,0020061727,1,0,,,,0,,,
NY,0020065523,1,0,,,,0,,,
NY,0020068437,1,0,,,,0,,,
NY,0020071601,1,0,,,,0,,,
NY,0020077344,1,0,,,,0,,,
NY,0020082355,1,0,,,,0,,,
NY,0020089344,1,0,,,,0,,,
NY,0020092622,1,0,,,,0,,,
NY,0020106652,1,0,,,,0,,,
NY,0020111701,1,0,,,,0,,,
NY,0020126621,1,0,,,,0,,,
NY,0020132995,1,0,,,,0,,,
NY,0020139488,1,0,,,,0,,,
NY,0020146062,1,0,,,,0,,,
NY,0020159325,1,0,,,,0,,,
NY,0020166411,1,0,,,,0,,,
NY,0020173105,1,0,,,,0,,,
NY,0020173125,1,0,,,,0,,,
NY,0020181845,1,0,,,,0,,,
NY,0020193467,1,0,,,,0,,,
NY,0020207263,1,0,,,,0,,,
NY,0020237757,1,0,,,,0,,,
NY,0020240555,1,0,,,,0,,,
NY,0020241533,1,0,,,,0,,,
NY,0020248573,1,0,,,,0,,,
NY,0020261228,1,0,,,,0,,,
NY,0020267586,1,0,,,,0,,,
NY,0020274308,1,0,,,,0,,,
NY,0020275253,1,0,,,,0,,,
NY,0020282022,1,0,,,,0,,,
NY,0020296740,1,0,,,,0,,,
NY,0020298708,1,0,,,,0,,,
NY,0020304751,1,0,,,,0,,,
NY,0020314516,1,0,,,,0,,,
NY,0020314848,1,0,,,,0,,,
NY,0020318647,1,0,,,,0,,,
NY,0020324741,1,0,,,,0,,,
NY,0020328396,1,0,,,,0,,,
NY,0020334884,1,0,,,,0,,,
NY,0020355595,1,0,,,,0,,,
NY,0020361535,1,0,,,,0,,,
NY,0020365337,1,0,,,,0,,,
NY,0020368486,1,0,,,,0,,,
NY,0020374004,1,0,,,,0,,,
NY,0020388779,1,0,,,,0,,,
NY,0020389664,1,0,,,,0,,,
NY,0020402954,1,0,,,,0,,,
NY,0020410274,1,0,,,,0,,,
NY,0020423435,1,0,,,,0,,,
NY,0020429686,1,0,,,,0,,,
NY,0020439063,1,0,,,,0,,,
NY,0020456818,1,0,,,,0,,,
NY,0020457754,1,0,,,,0,,,
NY,0020476852,1,0,,,,0,,,
NY,0020479973,1,0,,,,0,,,
NY,0020487124,1,0,,,,0,,,
NY,0020494933,1,0,,,,0,,,
NY,0020502659,1,0,,,,0,,,
NY,0020507439,1,0,,,,0,,,
NY,0020512687,1,0,,,,0,,,
NY,0020529303,1,0,,,,0,,,
NY,0020537812,1,0,,,,0,,,
NY,0020554295,1,0,,,,0,,,
NY,0020567297,1,0,,,,0,,,
NY,0020574348,1,0,,,,0,,,
NY,0020576013,1,0,,,,0,,,
NY,0020599450,1,0,,,,0,,,
NY,0020610476,1,0,,,,0,,,
NY,0020634816,1,0,,,,0,,,
NY,0020641570,1,0,,,,0,,,
NY,0020660691,1,0,,,,0,,,
NY,0020663118,1,0,,,,0,,,
NY,0020664615,1,0,,,,0,,,
NY,0020667934,1,0,,,,0,,,
NY,0020678566,1,0,,,,0,,,
NY,0020689845,1,0,,,,0,,,
NY,0020711023,1,0,,,,0,,,
NY,0020712724,1,0,,,,0,,,
NY,0020718617,1,0,,,,0,,,
NY,0020725807,1,0,,,,0,,,
NY,0020726891,1,0,,,,0,,,
NY,0020727814,1,0,,,,0,,,
NY,0020768183,1,0,,,,0,,,
NY,0020774858,1,0,,,,0,,,
NY,0020775862,1,0,,,,0,,,
NY,0020783643,1,0,,,,0,,,
NY,0020800441,1,0,,,,0,,,
NY,0020802180,1,0,,,,0,,,
NY,0020813093,1,0,,,,0,,,
NY,0020815637,1,0,,,,0,,,
NY,0020818287,1,0,,,,0,,,
NY,0020834620,1,0,,,,0,,,
NY,0020839293,1,0,,,,0,,,
NY,0020843359,1,0,,,,0,,,
NY,0020845362,1,0,,,,0,,,
NY,0020862164,1,0,,,,0,,,
NY,0020866682,1,0,,,,0,,,
NY,0020866896,1,0,,,,0,,,
NY,0020867931,1,0,,,,0,,,
NY,0020869782,1,0,,,,0,,,
NY,0020873126,1,0,,,,0,,,
NY,0020880512,1,0,,,,0,,,
NY,0020884670,1,0,,,,0,,,
NY,0020890384,1,0,,,,0,,,
NY,0020904735,1,0,,,,0,,,
NY,0020929000,1,0,,,,0,,,
NY,0020931103,1,0,,,,0,,,
NY,0020956225,1,0,,,,0,,,
NY,0020956960,1,0,,,,0,,,
NY,0020962524,1,0,,,,0,,,
NY,0020973012,1,0,,,,0,,,
NY,0020974231,1,0,,,,0,,,
NY,0020985180,1,0,,,,0,,,
NY,0021003450,1,0,,,,0,,,
NY,0021003733,1,0,,,,0,,,
NY,0021004775,1,0,,,,0,,,
NY,0021005090,1,0,,,,0,,,
NY,0021008820,1,0,,,,0,,,
NY,0021043572,1,0,,,,0,,,
NY,0021057161,1,0,,,,0,,,
NY,0021100207,1,0,,,,0,,,
NY,0021129624,1,0,,,,0,,,
NY,0021133214,1,0,,,,0,,,
NY,0021134527,1,0,,,,0,,,
NY,0021147146,1,0,,,,0,,,
NY,0021181924,1,0,,,,0,,,
NY,0021187972,1,0,,,,0,,,
NY,0021192352,1,0,,,,0,,,
NY,0021193446,1,0,,,,0,,,
NY,0021201803,1,0,,,,0,,,
NY,0021231835,1,0,,,,0,,,
NY,0021245762,1,0,,,,0,,,
NY,0021261803,1,0,,,,0,,,
NY,0021264900,1,0,,,,0,,,
NY,0021308645,1,0,,,,0,,,
NY,0021315711,1,0,,,,0,,,
NY,0021349945,1,0,,,,0,,,
NY,0021366207,1,0,,,,0,,,
NY,0021370147,1,0,,,,0,,,
NY,0021382341,1,0,,,,0,,,
NY,0021386561,1,0,,,,0,,,
NY,0021394850,1,0,,,,0,,,
NY,0021398324,1,0,,,,0,,,
NY,0021401772,1,0,,,,0,,,
NY,0021412634,1,0,,,,0,,,
NY,0021415702,1,0,,,,0,,,
NY,0021442655,1,0,,,,0,,,
NY,0021444233,1,0,,,,0,,,
NY,0021463889,1,0,,,,0,,,
NY,0021466616,1,0,,,,0,,,
NY,0021490474,1,0,,,,0,,,
NY,0021497489,1,0,,,,0,,,
NY,0021499692,1,0,,,,0,,,
NY,0021513181,1,0,,,,0,,,
NY,0021514252,1,0,,,,0,,,
NY,0021522281,1,0,,,,0,,,
NY,0021537266,1,0,,,,0,,,
NY,0021560417,1,0,,,,0,,,
NY,0021569899,1,0,,,,0,,,
NY,0021579467,1,0,,,,0,,,
NY,0021580816,1,0,,,,0,,,
NY,0021587276,1,0,,,,0,,,
NY,0021588354,1,0,,,,0,,,
NY,0021589556,1,0,,,,0,,,
NY,0021593931,1,0,,,,0,,,
NY,0021600547,1,0,,,,0,,,
NY,0021606307,1,0,,,,0,,,
NY,0021606370,1,0,,,,0,,,
NY,0021609478,1,0,,,,0,,,
NY,0021622129,1,0,,,,0,,,
NY,0021642020,1,0,,,,0,,,
NY,0021646427,1,0,,,,0,,,
NY,0021649790,1,0,,,,0,,,
NY,0021679539,1,0,,,,0,,,
NY,0021749865,1,0,,,,0,,,
NY,0021753950,1,0,,,,0,,,
NY,0021769821,1,0,,,,0,,,
NY,0021770397,1,0,,,,0,,,
NY,0021783096,1,0,,,,0,,,
NY,0021794008,1,0,,,,0,,,
NY,0021820703,1,0,,,,0,,,
NY,0021822728,1,0,,,,0,,,
NY,0021829714,1,0,,,,0,,,
NY,0021832331,1,0,,,,0,,,
NY,0021849165,1,0,,,,0,,,
NY,0021859396,1,0,,,,0,,,
NY,0021875935,1,0,,,,0,,,
NY,0021885378,1,0,,,,0,,,
NY,0021897232,1,0,,,,0,,,
NY,0021910340,1,0,,,,0,,,
NY,0021921288,1,0,,,,0,,,
NY,0021921915,1,0,,,,0,,,
NY,0021941544,1,0,,,,0,,,
NY,0021968258,1,0,,,,0,,,
NY,0021977800,1,0,,,,0,,,
NY,0021993274,1,0,,,,0,,,
NY,0022006425,1,0,,,,0,,,
NY,0022011128,1,0,,,,0,,,
NY,0022014878,1,0,,,,0,,,
NY,0022037012,1,0,,,,0,,,
NY,0022037729,1,0,,,,0,,,
NY,0022042113,1,0,,,,0,,,
NY,0022049869,1,0,,,,0,,,
NY,0022060141,1,0,,,,0,,,
NY,0022068818,1,0,,,,0,,,
NY,0022074236,1,0,,,,0,,,
NY,0022081808,1,0,,,,0,,,
NY,0022090331,1,0,,,,0,,,
NY,0022094074,1,0,,,,0,,,
NY,0022097087,1,0,,,,0,,,
NY,0022104504,1,0,,,,0,,,
NY,0022122078,1,0,,,,0,,,
NY,0022124160,1,0,,,,0,,,
NY,0022133411,1,0,,,,0,,,
NY,0022152402,1,0,,,,0,,,
NY,0022161312,1,0,,,,0,,,
NY,0022169636,1,0,,,,0,,,
NY,0022174691,1,0,,,,0,,,
NY,0022212118,1,0,,,,0,,,
NY,0022212372,1,0,,,,0,,,
NY,0022218968,1,0,,,,0,,,
NY,0022220863,1,0,,,,0,,,
NY,0022221341,1,0,,,,0,,,
NY,0022225274,1,0,,,,0,,,
NY,0022225805,1,0,,,,0,,,
NY,0022232770,1,0,,,,0,,,
NY,0022241410,1,0,,,,0,,,
NY,0022251711,1,0,,,,0,,,
NY,0022256374,1,0,,,,0,,,
NY,0022259146,1,0,,,,0,,,
NY,0022263070,1,0,,,,0,,,
NY,0022269213,1,0,,,,0,,,
NY,0022309075,1,0,,,,0,,,
NY,0022314673,1,0,,,,0,,,
NY,0022346617,1,0,,,,0,,,
NY,0022358523,1,0,,,,0,,,
NY,0022361705,1,0,,,,0,,,
NY,0022365467,1,0,,,,0,,,
NY,0022377476,1,0,,,,0,,,
NY,0022386647,1,0,,,,0,,,
NY,0022391205,1,0,,,,0,,,
NY,0022397080,1,0,,,,0,,,
NY,0022423176,1,0,,,,0,,,
NY,0022435944,1,0,,,,0,,,
NY,0022442422,1,0,,,,0,,,
NY,0022444369,1,0,,,,0,,,
NY,0022444427,1,0,,,,0,,,
NY,0022454419,1,0,,,,0,,,
NY,0022455144,1,0,,,,0,,,
NY,0022456386,1,0,,,,0,,,
NY,0022459243,1,0,,,,0,,,
NY,0022467037,1,0,,,,0,,,
NY,0022483162,1,0,,,,0,,,
NY,0022486445,1,0,,,,0,,,
NY,0022511813,1,0,,,,0,,,
NY,0022514643,1,0,,,,0,,,
NY,0022527105,1,0,,,,0,,,
NY,0022528099,1,0,,,,0,,,
NY,0022528871,1,0,,,,0,,,
NY,0022590351,1,0,,,,0,,,
NY,0022594687,1,0,,,,0,,,
NY,0022600384,1,0,,,,0,,,
NY,0022601208,1,0,,,,0,,,
NY,0022612726,1,0,,,,0,,,
NY,0022625780,1,0,,,,0,,,
NY,0022661050,1,0,,,,0,,,
NY,0022665519,1,0,,,,0,,,
NY,0022665680,1,0,,,,0,,,
NY,0022677578,1,0,,,,0,,,
NY,0022690874,1,0,,,,0,,,
NY,0022697342,1,0,,,,0,,,
NY,0022699097,1,0,,,,0,,,
NY,0022704691,1,0,,,,0,,,
NY,0022708444,1,0,,,,0,,,
NY,0022737592,1,0,,,,0,,,
NY,0022744838,1,0,,,,0,,,
NY,0022746359,1,0,,,,0,,,
NY,0022747504,1,0,,,,0,,,
NY,0022764646,1,0,,,,0,,,
NY,0022767314,1,0,,,,0,,,
NY,0022767807,1,0,,,,0,,,
NY,0022768331,1,0,,,,0,,,
NY,0022769800,1,0,,,,0,,,
NY,0022775210,1,0,,,,0,,,
NY,0022781196,1,0,,,,0,,,
NY,0022783840,1,0,,,,0,,,
NY,0022787362,1,0,,,,0,,,
NY,0022790519,1,0,,,,0,,,
NY,0022797306,1,0,,,,0,,,
NY,0022801056,1,0,,,,0,,,
NY,0022807054,1,0,,,,0,,,
NY,0022817815,1,0,,,,0,,,
NY,0022839609,1,0,,,,0,,,
NY,0022854467,1,0,,,,0,,,
NY,0022856822,1,0,,,,0,,,
NY,0022862935,1,0,,,,0,,,
NY,0022863835,1,0,,,,0,,,
NY,0022869343,1,0,,,,0,,,
NY,0022873103,1,0,,,,0,,,
NY,0022885978,1,0,,,,0,,,
NY,0022907059,1,0,,,,0,,,
NY,0022911329,1,0,,,,0,,,
NY,0022916091,1,0,,,,0,,,
NY,0022943519,1,0,,,,0,,,
NY,0022944225,1,0,,,,0,,,
NY,0022945663,1,0,,,,0,,,
NY,0022949804,1,0,,,,0,,,
NY,0022962876,1,0,,,,0,,,
NY,0022982421,1,0,,,,0,,,
NY,0022997531,1,0,,,,0,,,
NY,0023010881,1,0,,,,0,,,
NY,0023026855,1,0,,,,0,,,
NY,0023036923,1,0,,,,0,,,
NY,0023039655,1,0,,,,0,,,
NY,0023045239,1,0,,,,0,,,
NY,0023049477,1,0,,,,0,,,
NY,0023062091,1,0,,,,0,,,
NY,0023065718,1,0,,,,0,,,
NY,0023067857,1,0,,,,0,,,
NY,0023093780,1,0,,,,0,,,
NY,0023106576,1,0,,,,0,,,
NY,0023108515,1,0,,,,0,,,
NY,0023110874,1,0,,,,0,,,
NY,0023112782,1,0,,,,0,,,
NY,0023112866,1,0,,,,0,,,
NY,0023114294,1,0,,,,0,,,
NY,0023136894,1,0,,,,0,,,
NY,0023139276,1,0,,,,0,,,
NY,0023150094,1,0,,,,0,,,
NY,0023153946,1,0,,,,0,,,
NY,0023154644,1,0,,,,0,,,
NY,0023155228,1,0,,,,0,,,
NY,0023156797,1,0,,,,0,,,
NY,0023165844,1,0,,,,0,,,
NY,0023166395,1,0,,,,0,,,
NY,0023172466,1,0,,,,0,,,
NY,0023175325,1,0,,,,0,,,
NY,0023175422,1,0,,,,0,,,
NY,0023182898,1,0,,,,0,,,
NY,0023208039,1,0,,,,0,,,
NY,0023228755,1,0,,,,0,,,
NY,0023237940,1,0,,,,0,,,
NY,0023247048,1,0,,,,0,,,
NY,0023255316,1,0,,,,0,,,
NY,0023265571,1,0,,,,0,,,
NY,0023268841,1,0,,,,0,,,
NY,0023277749,1,0,,,,0,,,
NY,0023311223,1,0,,,,0,,,
NY,0023318709,1,0,,,,0,,,
NY,0023323467,1,0,,,,0,,,
NY,0023325874,1,0,,,,0,,,
NY,0023329489,1,0,,,,0,,,
NY,0023349131,1,0,,,,0,,,
NY,0023361141,1,0,,,,0,,,
NY,0023361532,1,0,,,,0,,,
NY,0023365413,1,0,,,,0,,,
NY,0023400980,1,0,,,,0,,,
NY,0023443603,1,0,,,,0,,,
NY,0023453545,1,0,,,,0,,,
NY,0023474946,1,0,,,,0,,,
NY,0023482134,1,0,,,,0,,,
NY,0023501136,1,0,,,,0,,,
NY,0023516629,1,0,,,,0,,,
NY,0023525816,1,0,,,,0,,,
NY,0023526312,1,0,,,,0,,,
NY,0023538003,1,0,,,,0,,,
NY,0023557585,1,0,,,,0,,,
NY,0023566353,1,0,,,,0,,,
NY,0023568401,1,0,,,,0,,,
NY,0023580715,1,0,,,,0,,,
NY,0023581580,1,0,,,,0,,,
NY,0023593688,1,0,,,,0,,,
NY,0023604108,1,0,,,,0,,,
NY,0023610870,1,0,,,,0,,,
NY,0023614954,1,0,,,,0,,,
NY,0023616140,1,0,,,,0,,,
NY,0023619406,1,0,,,,0,,,
NY,0023619526,1,0,,,,0,,,
NY,0023654990,1,0,,,,0,,,
NY,0023655349,1,0,,,,0,,,
NY,0023668516,1,0,,,,0,,,
NY,0023676639,1,0,,,,0,,,
NY,0023681492,1,0,,,,0,,,
NY,0023687770,1,0,,,,0,,,
NY,0023689135,1,0,,,,0,,,
NY,0023692751,1,0,,,,0,,,
NY,0023704936,1,0,,,,0,,,
NY,0023723155,1,0,,,,0,,,
NY,0023739975,1,0,,,,0,,,
NY,0023750227,1,0,,,,0,,,
NY,0023755543,1,0,,,,0,,,
NY,0023761406,1,0,,,,0,,,
NY,0023766970,1,0,,,,0,,,
NY,0023771985,1,0,,,,0,,,
NY,0023791792,1,0,,,,0,,,
NY,0023807311,1,0,,,,0,,,
NY,0023807340,1,0,,,,0,,,
NY,0023814057,1,0,,,,0,,,
NY,0023819170,1,0,,,,0,,,
NY,0023826306,1,0,,,,0,,,
NY,0023826820,1,0,,,,0,,,
NY,0023832296,1,0,,,,0,,,
NY,0023834904,1,0,,,,0,,,
NY,0023834942,1,0,,,,0,,,
NY,0023839092,1,0,,,,0,,,
NY,0023858111,1,0,,,,0,,,
NY,0023866255,1,0,,,,0,,,
NY,0023873903,1,0,,,,0,,,
NY,0023882376,1,0,,,,0,,,
NY,0023901486,1,0,,,,0,,,
NY,0023901892,1,0,,,,0,,,
NY,0023908674,1,0,,,,0,,,
NY,0023908939,1,0,,,,0,,,
NY,0023914560,1,0,,,,0,,,
NY,0023915781,1,0,,,,0,,,
NY,0023918898,1,0,,,,0,,,
NY,0023926462,1,0,,,,0,,,
NY,0023929325,1,0,,,,0,,,
NY,0023942038,1,0,,,,0,,,
NY,0023947832,1,0,,,,0,,,
NY,0023993980,1,0,,,,0,,,
NY,0023995305,1,0,,,,0,,,
NY,0024001856,1,0,,,,0,,,
NY,0024005726,1,0,,,,0,,,
NY,0024011982,1,0,,,,0,,,
NY,0024019458,1,0,,,,0,,,
NY,0024023264,1,0,,,,0,,,
NY,0024024372,1,0,,,,0,,,
NY,0024035708,1,0,,,,0,,,
NY,0024053321,1,0,,,,0,,,
NY,0024057511,1,0,,,,0,,,
NY,0024060281,1,0,,,,0,,,
NY,0024061236,1,0,,,,0,,,
NY,0024061944,1,0,,,,0,,,
NY,0024068842,1,0,,,,0,,,
NY,0024078311,1,0,,,,0,,,
NY,0024079799,1,0,,,,0,,,
NY,0024090203,1,0,,,,0,,,
NY,0024110962,1,0,,,,0,,,
NY,0024139184,1,0,,,,0,,,
NY,0024162180,1,0,,,,0,,,
NY,0024163911,1,0,,,,0,,,
NY,0024177133,1,0,,,,0,,,
NY,0024178885,1,0,,,,0,,,
NY,0024182398,1,0,,,,0,,,
NY,0024189531,1,0,,,,0,,,
NY,0024195898,1,0,,,,0,,,
NY,0024226975,1,0,,,,0,,,
NY,0024230786,1,0,,,,0,,,
NY,0024233402,1,0,,,,0,,,
NY,0024243319,1,0,,,,0,,,
NY,0024244591,1,0,,,,0,,,
NY,0024255680,1,0,,,,0,,,
NY,0024261480,1,0,,,,0,,,
NY,0024282217,1,0,,,,0,,,
NY,0024283279,1,0,,,,0,,,
NY,0024284770,1,0,,,,0,,,
NY,0024288579,1,0,,,,0,,,
NY,0024291370,1,0,,,,0,,,
NY,0024296238,1,0,,,,0,,,
NY,0024298209,1,0,,,,0,,,
NY,0024317809,1,0,,,,0,,,
NY,0024319181,1,0,,,,0,,,
NY,0024342061,1,0,,,,0,,,
NY,0024353392,1,0,,,,0,,,
NY,0024359074,1,0,,,,0,,,
NY,0024364733,1,0,,,,0,,,
NY,0024373076,1,0,,,,0,,,
NY,0024390158,1,0,,,,0,,,
NY,0024397548,1,0,,,,0,,,
NY,0024430781,1,0,,,,0,,,
NY,0024436044,1,0,,,,0,,,
NY,0024441722,1,0,,,,0,,,
NY,0024442245,1,0,,,,0,,,
NY,0024448625,1,0,,,,0,,,
NY,0024465648,1,0,,,,0,,,
NY,0024480063,1,0,,,,0,,,
NY,0024489578,1,0,,,,0,,,
NY,0024515262,1,0,,,,0,,,
NY,0024520602,1,0,,,,0,,,
NY,0024521142,1,0,,,,0,,,
NY,0024525418,1,0,,,,0,,,
NY,0024537998,1,0,,,,0,,,
NY,0024539837,1,0,,,,0,,,
NY,0024559691,1,0,,,,0,,,
NY,0024570245,1,0,,,,0,,,
NY,0024599593,1,0,,,,0,,,
NY,0024603488,1,0,,,,0,,,
NY,0024608475,1,0,,,,0,,,
NY,0024627158,1,0,,,,0,,,
NY,0024630642,1,0,,,,0,,,
NY,0024632130,1,0,,,,0,,,
NY,0024669542,1,0,,,,0,,,
NY,0024670666,1,0,,,,0,,,
NY,0024672749,1,0,,,,0,,,
NY,0024679946,1,0,,,,0,,,
NY,0024687547,1,0,,,,0,,,
NY,0024695919,1,0,,,,0,,,
NY,0024702115,1,0,,,,0,,,
NY,0024716635,1,0,,,,0,,,
NY,0024734073,1,0,,,,0,,,
NY,0024737301,1,0,,,,0,,,
NY,0024737826,1,0,,,,0,,,
NY,0024759555,1,0,,,,0,,,
NY,0024759854,1,0,,,,0,,,
NY,0024767625,1,0,,,,0,,,
NY,0024779773,1,0,,,,0,,,
NY,0024786916,1,0,,,,0,,,
NY,0024788747,1,0,,,,0,,,
NY,0024796986,1,0,,,,0,,,
NY,0024808024,1,0,,,,0,,,
NY,0024819323,1,0,,,,0,,,
NY,0024819604,1,0,,,,0,,,
NY,0024822402,1,0,,,,0,,,
NY,0024874580,1,0,,,,0,,,
NY,0024885076,1,0,,,,0,,,
NY,0024896196,1,0,,,,0,,,
NY,0024904984,1,0,,,,0,,,
NY,0024935012,1,0,,,,0,,,
NY,0024964216,1,0,,,,0,,,
NY,0024968248,1,0,,,,0,,,
NY,0024972671,1,0,,,,0,,,
NY,0024990307,1,0,,,,0,,,
NY,0025006170,1,0,,,,0,,,
NY,0025008217,1,0,,,,0,,,
NY,0025014460,1,0,,,,0,,,
NY,0025043380,1,0,,,,0,,,
NY,0025043783,1,0,,,,0,,,
NY,0025073048,1,0,,,,0,,,
NY,0025088820,1,0,,,,0,,,
NY,0025102669,1,0,,,,0,,,
NY,0025102775,1,0,,,,0,,,
NY,0025128877,1,0,,,,0,,,
NY,0025129613,1,0,,,,0,,,
NY,0025135400,1,0,,,,0,,,
NY,0025150446,1,0,,,,0,,,
NY,0025160302,1,0,,,,0,,,
NY,0025167582,1,0,,,,0,,,
NY,0025176537,1,0,,,,0,,,
NY,0025187757,1,0,,,,0,,,
NY,0025203826,1,0,,,,0,,,
NY,0025216149,1,0,,,,0,,,
NY,0025224118,1,0,,,,0,,,
NY,0025230832,1,0,,,,0,,,
NY,0025236999,1,0,,,,0,,,
NY,0025259641,1,0,,,,0,,,
NY,0025263251,1,0,,,,0,,,
NY,0025274453,1,0,,,,0,,,
NY,0025284257,1,0,,,,0,,,
NY,0025289450,1,0,,,,0,,,
NY,0025291035,1,0,,,,0,,,
NY,0025295105,1,0,,,,0,,,
NY,0025301934,1,0,,,,0,,,
NY,0025308584,1,0,,,,0,,,
NY,0025312277,1,0,,,,0,,,
NY,0025314744,1,0,,,,0,,,
NY,0025337794,1,0,,,,0,,,
NY,0025358319,1,0,,,,0,,,
NY,0025390398,1,0,,,,0,,,
NY,0025391190,1,0,,,,0,,,
NY,0025395866,1,0,,,,0,,,
NY,0025399681,1,0,,,,0,,,
NY,0025412724,1,0,,,,0,,,
NY,0025430465,1,0,,,,0,,,
NY,0025440706,1,0,,,,0,,,
NY,0025441664,1,0,,,,0,,,
NY,0025459338,1,0,,,,0,,,
NY,0025459590,1,0,,,,0,,,
NY,0025463383,1,0,,,,0,,,
NY,0025465360,1,0,,,,0,,,
NY,0025473520,1,0,,,,0,,,
NY,0025477090,1,0,,,,0,,,
NY,0025489669,1,0,,,,0,,,
NY,0025499611,1,0,,,,0,,,
NY,0025501111,1,0,,,,0,,,
NY,0025512151,1,0,,,,0,,,
NY,0025525813,1,0,,,,0,,,
NY,0025533696,1,0,,,,0,,,
NY,0025534253,1,0,,,,0,,,
NY,0025546816,1,0,,,,0,,,
NY,0025559967,1,0,,,,0,,,
NY,0025562183,1,0,,,,0,,,
NY,0025563663,1,0,,,,0,,,
NY,0025566859,1,0,,,,0,,,
NY,0025570306,1,0,,,,0,,,
NY,0025575823,1,0,,,,0,,,
NY,0025598870,1,0,,,,0,,,
NY,0025601336,1,0,,,,0,,,
NY,0025604439,1,0,,,,0,,,
NY,0025622147,1,0,,,,0,,,
NY,0025629064,1,0,,,,0,,,
NY,0025644935,1,0,,,,0,,,
NY,0025651917,1,0,,,,0,,,
NY,0025656993,1,0,,,,0,,,
NY,0025675528,1,0,,,,0,,,
NY,0025686922,1,0,,,,0,,,
NY,0025692709,1,0,,,,0,,,
NY,0025693697,1,0,,,,0,,,
NY,0025707190,1,0,,,,0,,,
NY,0025710779,1,0,,,,0,,,
NY,0025711361,1,0,,,,0,,,
NY,0025722476,1,0,,,,0,,,
NY,0025736976,1,0,,,,0,,,
NY,0025767777,1,0,,,,0,,,
NY,0025770125,1,0,,,,0,,,
NY,0025780678,1,0,,,,0,,,
NY,0025804019,1,0,,,,0,,,
NY,0025804260,1,0,,,,0,,,
NY,0025818536,1,0,,,,0,,,
NY,0025839605,1,0,,,,0,,,
NY,0025841770,1,0,,,,0,,,
NY,0025851558,1,0,,,,0,,,
NY,0025878276,1,0,,,,0,,,
NY,0025887939,1,0,,,,0,,,
NY,0025914229,1,0,,,,0,,,
NY,0025944826,1,0,,,,0,,,
NY,0025952474,1,0,,,,0,,,
NY,0025967478,1,0,,,,0,,,
NY,0025969345,1,0,,,,0,,,
NY,0025972259,1,0,,,,0,,,
NY,0025974668,1,0,,,,0,,,
NY,0025976502,1,0,,,,0,,,
NY,0025980538,1,0,,,,0,,,
NY,0025984302,1,0,,,,0,,,
NY,0025992207,1,0,,,,0,,,
NY,0025995218,1,0,,,,0,,,
NY,0026002538,1,0,,,,0,,,
NY,0026028702,1,0,,,,0,,,
NY,0026037645,1,0,,,,0,,,
NY,0026044419,1,0,,,,0,,,
NY,0026046146,1,0,,,,0,,,
NY,0026050759,1,0,,,,0,,,
NY,0026067074,1,0,,,,0,,,
NY,0026109548,1,0,,,,0,,,
NY,0026119722,1,0,,,,0,,,
NY,0026127521,1,0,,,,0,,,
NY,0026132972,1,0,,,,0,,,
NY,0026137545,1,0,,,,0,,,
NY,0026138380,1,0,,,,0,,,
NY,0026138456,1,0,,,,0,,,
NY,0026144808,1,0,,,,0,,,
NY,0026156048,1,0,,,,0,,,
NY,0026165591,1,0,,,,0,,,
NY,0026172770,1,0,,,,0,,,
NY,0026174345,1,0,,,,0,,,
NY,0026177898,1,0,,,,0,,,
NY,0026179118,1,0,,,,0,,,
NY,0026193565,1,0,,,,0,,,
NY,0026206474,1,0,,,,0,,,
NY,0026207911,1,0,,,,0,,,
NY,0026215746,1,0,,,,0,,,
NY,0026219823,1,0,,,,0,,,
NY,0026221257,1,0,,,,0,,,
NY,0026243344,1,0,,,,0,,,
NY,0026258355,1,0,,,,0,,,
NY,0026260031,1,0,,,,0,,,
NY,0026261938,1,0,,,,0,,,
NY,0026264255,1,0,,,,0,,,
NY,0026266908,1,0,,,,0,,,
NY,0026272235,1,0,,,,0,,,
NY,0026287437,1,0,,,,0,,,
NY,0026297396,1,0,,,,0,,,
NY,0026305663,1,0,,,,0,,,
NY,0026328366,1,0,,,,0,,,
NY,0026328573,1,0,,,,0,,,
NY,0026340377,1,0,,,,0,,,
NY,0026345548,1,0,,,,0,,,
NY,0026347706,1,0,,,,0,,,
NY,0026353645,1,0,,,,0,,,
NY,0026374578,1,0,,,,0,,,
NY,0026397759,1,0,,,,0,,,
NY,0026416071,1,0,,,,0,,,
NY,0026420738,1,0,,,,0,,,
NY,0026439148,1,0,,,,0,,,
NY,0026440471,1,0,,,,0,,,
NY,0026457408,1,0,,,,0,,,
NY,0026472858,1,0,,,,0,,,
NY,0026487144,1,0,,,,0,,,
NY,0026490743,1,0,,,,0,,,
NY,0026535295,1,0,,,,0,,,
NY,0026541725,1,0,,,,0,,,
NY,0026563406,1,0,,,,0,,,
NY,0026570841,1,0,,,,0,,,
NY,0026573537,1,0,,,,0,,,
NY,0026580781,1,0,,,,0,,,
NY,0026580883,1,0,,,,0,,,
NY,0026592345,1,0,,,,0,,,
NY,0026618363,1,0,,,,0,,,
NY,0026627308,1,0,,,,0,,,
NY,0026639582,1,0,,,,0,,,
NY,0026651808,1,0,,,,0,,,
NY,0026656163,1,0,,,,0,,,
NY,0026670257,1,0,,,,0,,,
NY,0026670998,1,0,,,,0,,,
NY,0026684368,1,0,,,,0,,,
NY,0026697075,1,0,,,,0,,,
NY,0026697911,1,0,,,,0,,,
NY,0026698817,1,0,,,,0,,,
NY,0026705260,1,0,,,,0,,,
NY,0026706981,1,0,,,,0,,,
NY,0026707470,1,0,,,,0,,,
NY,0026708256,1,0,,,,0,,,
NY,0026717542,1,0,,,,0,,,
NY,0026723500,1,0,,,,0,,,
NY,0026729841,1,0,,,,0,,,
NY,0026735685,1,0,,,,0,,,
NY,0026748599,1,0,,,,0,,,
NY,0026766407,1,0,,,,0,,,
NY,0026824143,1,0,,,,0,,,
NY,0026825718,1,0,,,,0,,,
NY,0026836600,1,0,,,,0,,,
NY,0026837930,1,0,,,,0,,,
NY,0026860754,1,0,,,,0,,,
NY,0026861435,1,0,,,,0,,,
NY,0026890955,1,0,,,,0,,,
NY,0026895476,1,0,,,,0,,,
NY,0026898982,1,0,,,,0,,,
NY,0026913461,1,0,,,,0,,,
NY,0026919013,1,0,,,,0,,,
NY,0026931426,1,0,,,,0,,,
NY,0026935296,1,0,,,,0,,,
NY,0026944990,1,0,,,,0,,,
NY,0026950082,1,0,,,,0,,,
NY,0026953564,1,0,,,,0,,,
NY,0026954155,1,0,,,,0,,,
NY,0026972213,1,0,,,,0,,,
NY,0026982085,1,0,,,,0,,,
NY,0026992787,1,0,,,,0,,,
NY,0026998127,1,0,,,,0,,,
NY,0026998937,1,0,,,,0,,,
NY,0026999588,1,0,,,,0,,,
NY,0027026453,1,0,,,,0,,,
NY,0027027552,1,0,,,,0,,,
NY,0027055533,1,0,,,,0,,,
NY,0027057914,1,0,,,,0,,,
NY,0027061608,1,0,,,,0,,,
NY,0027079301,1,0,,,,0,,,
NY,0027108755,1,0,,,,0,,,
NY,0027127396,1,0,,,,0,,,
NY,0027154962,1,0,,,,0,,,
NY,0027164278,1,0,,,,0,,,
NY,0027173036,1,0,,,,0,,,
NY,0027195956,1,0,,,,0,,,
NY,0027201352,1,0,,,,0,,,
NY,0027202895,1,0,,,,0,,,
NY,0027215633,1,0,,,,0,,,
NY,0027221303,1,0,,,,0,,,
NY,0027251115,1,0,,,,0,,,
NY,0027253476,1,0,,,,0,,,
NY,0027277121,1,0,,,,0,,,
NY,0027283448,1,0,,,,0,,,
NY,0027289473,1,0,,,,0,,,
NY,0027335935,1,0,,,,0,,,
NY,0027348677,1,0,,,,0,,,
NY,0027352713,1,0,,,,0,,,
NY,0027370944,1,0,,,,0,,,
NY,0027385728,1,0,,,,0,,,
NY,0027413947,1,0,,,,0,,,
NY,0027419253,1,0,,,,0,,,
NY,0027429369,1,0,,,,0,,,
NY,0027429516,1,0,,,,0,,,
NY,0027440673,1,0,,,,0,,,
NY,0027448102,1,0,,,,0,,,
NY,0027448953,1,0,,,,0,,,
NY,0027452794,1,0,,,,0,,,
NY,0027465196,1,0,,,,0,,,
NY,0027472753,1,0,,,,0,,,
NY,0027490871,1,0,,,,0,,,
NY,0027506797,1,0,,,,0,,,
NY,0027511455,1,0,,,,0,,,
NY,0027515147,1,0,,,,0,,,
NY,0027525556,1,0,,,,0,,,
NY,0027560923,1,0,,,,0,,,
NY,0027591624,1,0,,,,0,,,
NY,0027594331,1,0,,,,0,,,
NY,0027600202,1,0,,,,0,,,
NY,0027616225,1,0,,,,0,,,
NY,0027636289,1,0,,,,0,,,
NY,0027642314,1,0,,,,0,,,
NY,0027661016,1,0,,,,0,,,
NY,0027674471,1,0,,,,0,,,
NY,0027676863,1,0,,,,0,,,
NY,0027704378,1,0,,,,0,,,
NY,0027724198,1,0,,,,0,,,
NY,0027729258,1,0,,,,0,,,
NY,0027748882,1,0,,,,0,,,
NY,0027756243,1,0,,,,0,,,
NY,0027789090,1,0,,,,0,,,
NY,0027811875,1,0,,,,0,,,
NY,0027827417,1,0,,,,0,,,
NY,0027833347,1,0,,,,0,,,
NY,0027842291,1,0,,,,0,,,
NY,0027874236,1,0,,,,0,,,
NY,0027891535,1,0,,,,0,,,
NY,0027908250,1,0,,,,0,,,
NY,0027922761,1,0,,,,0,,,
NY,0027926424,1,0,,,,0,,,
NY,0027931298,1,0,,,,0,,,
NY,0027938461,1,0,,,,0,,,
NY,0027950675,1,0,,,,0,,,
NY,0027963270,1,0,,,,0,,,
NY,0027965682,1,0,,,,0,,,
NY,0027966249,1,0,,,,0,,,
NY,0027974316,1,0,,,,0,,,
NY,0027985493,1,0,,,,0,,,
NY,0027989598,1,0,,,,0,,,
NY,0028006223,1,0,,,,0,,,
NY,0028016839,1,0,,,,0,,,
NY,0028029181,1,0,,,,0,,,
NY,0028029606,1,0,,,,0,,,
NY,0028030092,1,0,,,,0,,,
NY,0028036442,1,0,,,,0,,,
NY,0028036661,1,0,,,,0,,,
NY,0028049407,1,0,,,,0,,,
NY,0028061704,1,0,,,,0,,,
NY,0028070074,1,0,,,,0,,,
NY,0028075639,1,0,,,,0,,,
NY,0028089055,1,0,,,,0,,,
NY,0028130391,1,0,,,,0,,,
NY,0028146075,1,0,,,,0,,,
NY,0028174951,1,0,,,,0,,,
NY,0028176413,1,0,,,,0,,,
NY,0028181349,1,0,,,,0,,,
NY,0028203548,1,0,,,,0,,,
NY,0028203739,1,0,,,,0,,,
NY,0028211808,1,0,,,,0,,,
NY,0028214564,1,0,,,,0,,,
NY,0028225334,1,0,,,,0,,,
NY,0028225644,1,0,,,,0,,,
NY,0028232491,1,0,,,,0,,,
NY,0028241118,1,0,,,,0,,,
NY,0028244125,1,0,,,,0,,,
NY,0028262947,1,0,,,,0,,,
NY,0028267261,1,0,,,,0,,,
NY,0028267495,1,0,,,,0,,,
NY,0028272239,1,0,,,,0,,,
NY,0028306262,1,0,,,,0,,,
NY,0028309637,1,0,,,,0,,,
NY,0028311555,1,0,,,,0,,,
NY,0028333872,1,0,,,,0,,,
NY,0028335467,1,0,,,,0,,,
NY,0028340268,1,0,,,,0,,,
NY,0028353057,1,0,,,,0,,,
NY,0028361069,1,0,,,,0,,,
NY,0028368795,1,0,,,,0,,,
NY,0028378774,1,0,,,,0,,,
NY,0028383261,1,0,,,,0,,,
NY,0028390431,1,0,,,,0,,,
NY,0028412783,1,0,,,,0,,,
NY,0028418212,1,0,,,,0,,,
NY,0028432782,1,0,,,,0,,,
NY,0028438463,1,0,,,,0,,,
NY,0028442286,1,0,,,,0,,,
NY,0028467394,1,0,,,,0,,,
NY,0028476256,1,0,,,,0,,,
NY,0028479103,1,0,,,,0,,,
NY,0028504727,1,0,,,,0,,,
NY,0028529128,1,0,,,,0,,,
NY,0028556529,1,0,,,,0,,,
NY,0028570861,1,0,,,,0,,,
NY,0028578335,1,0,,,,0,,,
NY,0028595766,1,0,,,,0,,,
NY,0028599698,1,0,,,,0,,,
NY,0028613962,1,0,,,,0,,,
NY,0028627653,1,0,,,,0,,,
NY,0028643210,1,0,,,,0,,,
NY,0028645762,1,0,,,,0,,,
NY,0028698112,1,0,,,,0,,,
NY,0028703465,1,0,,,,0,,,
NY,0028706718,1,0,,,,0,,,
NY,0028724424,1,0,,,,0,,,
NY,0028739293,1,0,,,,0,,,
NY,0028748508,1,0,,,,0,,,
NY,0028759624,1,0,,,,0,,,
NY,0028766687,1,0,,,,0,,,
NY,0028770626,1,0,,,,0,,,
NY,0028773930,1,0,,,,0,,,
NY,0028774571,1,0,,,,0,,,
NY,0028779893,1,0,,,,0,,,
NY,0028787069,1,0,,,,0,,,
NY,0028804677,1,0,,,,0,,,
NY,0028805624,1,0,,,,0,,,
NY,0028810474,1,0,,,,0,,,
NY,0028848792,1,0,,,,0,,,
NY,0028851124,1,0,,,,0,,,
NY,0028866889,1,0,,,,0,,,
NY,0028869273,1,0,,,,0,,,
NY,0028890350,1,0,,,,0,,,
NY,0028893598,1,0,,,,0,,,
NY,0028899326,1,0,,,,0,,,
NY,0028914408,1,0,,,,0,,,
NY,0028920191,1,0,,,,0,,,
NY,0028924502,1,0,,,,0,,,
NY,0028931401,1,0,,,,0,,,
NY,0028935677,1,0,,,,0,,,
NY,0028937930,1,0,,,,0,,,
NY,0028951691,1,0,,,,0,,,
NY,0028955443,1,0,,,,0,,,
NY,0028962450,1,0,,,,0,,,
NY,0028962475,1,0,,,,0,,,
NY,0028964980,1,0,,,,0,,,
NY,0029001619,1,0,,,,0,,,
NY,0029016611,1,0,,,,0,,,
NY,0029018902,1,0,,,,0,,,
NY,0029024423,1,0,,,,0,,,
NY,0029040543,1,0,,,,0,,,
NY,0029054602,1,0,,,,0,,,
NY,0029057929,1,0,,,,0,,,
NY,0029073532,1,0,,,,0,,,
NY,0029082687,1,0,,,,0,,,
NY,0029085580,1,0,,,,0,,,
NY,0029088552,1,0,,,,0,,,
NY,0029098149,1,0,,,,0,,,
NY,0029103980,1,0,,,,0,,,
NY,0029121985,1,0,,,,0,,,
NY,0029126896,1,0,,,,0,,,
NY,0029127875,1,0,,,,0,,,
NY,0029143103,1,0,,,,0,,,
NY,0029150874,1,0,,,,0,,,
NY,0029151083,1,0,,,,0,,,
NY,0029154057,1,0,,,,0,,,
NY,0029160311,1,0,,,,0,,,
NY,0029179021,1,0,,,,0,,,
NY,0029183151,1,0,,,,0,,,
NY,0029199500,1,0,,,,0,,,
NY,0029205353,1,0,,,,0,,,
NY,0029214957,1,0,,,,0,,,
NY,0029216575,1,0,,,,0,,,
NY,0029235814,1,0,,,,0,,,
NY,0029253204,1,0,,,,0,,,
NY,0029256321,1,0,,,,0,,,
NY,0029263919,1,0,,,,0,,,
NY,0029268711,1,0,,,,0,,,
NY,0029268873,1,0,,,,0,,,
NY,0029277611,1,0,,,,0,,,
NY,0029278887,1,0,,,,0,,,
NY,0029281560,1,0,,,,0,,,
NY,0029283550,1,0,,,,0,,,
NY,0029292079,1,0,,,,0,,,
NY,0029343097,1,0,,,,0,,,
NY,0029347241,1,0,,,,0,,,
NY,0029350397,1,0,,,,0,,,
NY,0029351263,1,0,,,,0,,,
NY,0029371224,1,0,,,,0,,,
NY,0029386969,1,0,,,,0,,,
NY,0029391018,1,0,,,,0,,,
NY,0029397713,1,0,,,,0,,,
NY,0029406170,1,0,,,,0,,,
NY,0029490544,1,0,,,,0,,,
NY,0029492346,1,0,,,,0,,,
NY,0029503225,1,0,,,,0,,,
NY,0029515875,1,0,,,,0,,,
NY,0029518447,1,0,,,,0,,,
NY,0029527832,1,0,,,,0,,,
NY,0029533606,1,0,,,,0,,,
NY,0029543414,1,0,,,,0,,,
NY,0029545518,1,0,,,,0,,,
NY,0029556728,1,0,,,,0,,,
NY,0029563166,1,0,,,,0,,,
NY,0029564830,1,0,,,,0,,,
NY,0029567944,1,0,,,,0,,,
NY,0029580131,1,0,,,,0,,,
NY,0029583303,1,0,,,,0,,,
NY,0029587124,1,0,,,,0,,,
NY,0029597231,1,0,,,,0,,,
NY,0029602969,1,0,,,,0,,,
NY,0029615576,1,0,,,,0,,,
NY,0029628313,1,0,,,,0,,,
NY,0029645116,1,0,,,,0,,,
NY,0029654551,1,0,,,,0,,,
NY,0029668218,1,0,,,,0,,,
NY,0029693361,1,0,,,,0,,,
NY,0029696325,1,0,,,,0,,,
NY,0029710577,1,0,,,,0,,,
NY,0029716303,1,0,,,,0,,,
NY,0029719444,1,0,,,,0,,,
NY,0029724766,1,0,,,,0,,,
NY,0029737665,1,0,,,,0,,,
NY,0029746228,1,0,,,,0,,,
NY,0029766286,1,0,,,,0,,,
NY,0029787099,1,0,,,,0,,,
NY,0029800219,1,0,,,,0,,,
NY,0029826099,1,0,,,,0,,,
NY,0029827808,1,0,,,,0,,,
NY,0029837807,1,0,,,,0,,,
NY,0029839722,1,0,,,,0,,,
NY,0029842450,1,0,,,,0,,,
NY,0029859398,1,0,,,,0,,,
NY,0029868090,1,0,,,,0,,,
NY,0029869904,1,0,,,,0,,,
NY,0029893108,1,0,,,,0,,,
NY,0029918985,1,0,,,,0,,,
NY,0029919387,1,0,,,,0,,,
NY,0029928104,1,0,,,,0,,,
NY,0029932682,1,0,,,,0,,,
NY,0029950198,1,0,,,,0,,,
NY,0029956590,1,0,,,,0,,,
NY,0029960040,1,0,,,,0,,,
NY,0029960504,1,0,,,,0,,,
NY,0029961371,1,0,,,,0,,,
NY,0029975522,1,0,,,,0,,,
NY,0029983062,1,0,,,,0,,,
NY,0029994508,1,0,,,,0,,,
NY,0029994521,1,0,,,,0,,,
NY,0029995356,1,0,,,,0,,,
NY,0040000093,1,0,,,,0,,,
NY,0040000184,1,0,,,,0,,,
NY,0040000266,1,0,,,,0,,,
NY,0040000298,1,0,,,,0,,,
NY,0040000351,1,0,,,,0,,,
NY,0040000390,1,0,,,,0,,,
NY,0040000408,1,0,,,,0,,,
NY,0040000467,1,0,,,,0,,,
NY,0040000549,1,0,,,,0,,,
NY,0040000579,1,0,,,,0,,,
NY,0040000592,1,0,,,,0,,,
NY,0040000630,1,0,,,,0,,,
NY,0040000681,1,0,,,,0,,,
NY,0040000722,1,0,,,,0,,,
NY,0040000777,1,0,,,,0,,,
NY,0040000828,1,0,,,,0,,,
NY,0040000916,1,0,,,,0,,,
NY,0040000955,1,0,,,,0,,,
NY,0040000959,1,0,,,,0,,,
NY,0040001055,1,0,,,,0,,,
NY,0040001084,1,0,,,,0,,,
NY,0040001131,1,0,,,,0,,,
NY,0040001155,1,0,,,,0,,,
NY,0040001255,1,0,,,,0,,,
NY,0040001271,1,0,,,,0,,,
NY,0040001443,1,0,,,,0,,,
NY,0040001455,1,0,,,,0,,,
NY,0040001571,1,0,,,,0,,,
NY,0040001588,1,0,,,,0,,,
NY,0040001745,1,0,,,,0,,,
NY,0040001785,1,0,,,,0,,,
NY,0040001836,1,0,,,,0,,,
NY,0040001871,1,0,,,,0,,,
NY,0040001876,1,0,,,,0,,,
NY,0040001912,1,0,,,,0,,,
NY,0040001952,1,0,,,,0,,,
NY,0040001974,1,0,,,,0,,,
NY,0040002019,1,0,,,,0,,,
NY,0040002045,1,0,,,,0,,,
NY,0040002060,1,0,,,,0,,,
NY,0040002092,1,0,,,,0,,,
NY,0040002153,1,0,,,,0,,,
NY,0040002154,1,0,,,,0,,,
NY,0040002161,1,0,,,,0,,,
NY,0040002272,1,0,,,,0,,,
NY,0040002280,1,0,,,,0,,,
NY,0040002286,1,0,,,,0,,,
NY,0040002295,1,0,,,,0,,,
NY,0040002308,1,0,,,,0,,,
NY,0040002329,1,0,,,,0,,,
NY,0040002347,1,0,,,,0,,,
NY,0040002448,1,0,,,,0,,,
NY,0040002460,1,0,,,,0,,,
NY,0040002467,1,0,,,,0,,,
NY,0040002484,1,0,,,,0,,,
NY,0040002650,1,0,,,,0,,,
NY,0040002671,1,0,,,,0,,,
NY,0040002734,1,0,,,,0,,,
NY,0040002801,1,0,,,,0,,,
NY,0040002859,1,0,,,,0,,,
NY,0040002930,1,0,,,,0,,,
NY,0040003008,1,0,,,,0,,,
NY,0040003092,1,0,,,,0,,,
NY,0040003140,1,0,,,,0,,,
NY,0040003195,1,0,,,,0,,,
NY,0040003233,1,0,,,,0,,,
NY,0040003253,1,0,,,,0,,,
NY,0040003305,1,0,,,,0,,,
NY,0040003307,1,0,,,,0,,,
NY,0040003324,1,0,,,,0,,,
NY,0040003337,1,0,,,,0,,,
NY,0040003343,1,0,,,,0,,,
NY,0040003525,1,0,,,,0,,,
NY,0040003571,1,0,,,,0,,,
NY,0040003630,1,0,,,,0,,,
NY,0040003632,1,0,,,,0,,,
NY,0040003665,1,0,,,,0,,,
NY,0040003710,1,0,,,,0,,,
NY,0040003712,1,0,,,,0,,,
NY,0040003735,1,0,,,,0,,,
NY,0040003763,1,0,,,,0,,,
NY,0040003777,1,0,,,,0,,,
NY,0040003879,1,0,,,,0,,,
NY,0040003904,1,0,,,,0,,,
NY,0040003917,1,0,,,,0,,,
NY,0040003948,1,0,,,,0,,,
NY,0040003981,1,0,,,,0,,,
NY,0040004073,1,0,,,,0,,,
NY,0040004182,1,0,,,,0,,,
NY,0040004245,1,0,,,,0,,,
NY,0040004328,1,0,,,,0,,,
NY,0040004352,1,0,,,,0,,,
NY,0040004377,1,0,,,,0,,,
NY,0040004404,1,0,,,,0,,,
NY,0040004444,1,0,,,,0,,,
NY,0040004588,1,0,,,,0,,,
NY,0040004652,1,0,,,,0,,,
NY,0040004678,1,0,,,,0,,,
NY,0040004719,1,0,,,,0,,,
NY,0040004729,1,0,,,,0,,,
NY,0040004747,1,0,,,,0,,,
NY,0040004773,1,0,,,,0,,,
NY,0040004776,1,0,,,,0,,,
NY,0040004811,1,0,,,,0,,,
NY,0040004819,1,0,,,,0,,,
NY,0040004826,1,0,,,,0,,,
NY,0040004848,1,0,,,,0,,,
NY,0040004861,1,0,,,,0,,,
NY,0040004897,1,0,,,,0,,,
NY,0040005003,1,0,,,,0,,,
NY,0040005075,1,0,,,,0,,,
NY,0040005084,1,0,,,,0,,,
NY,0040005092,1,0,,,,0,,,
NY,0040005105,1,0,,,,0,,,
NY,0040005183,1,0,,,,0,,,
NY,0040005200,1,0,,,,0,,,
NY,0040005204,1,0,,,,0,,,
NY,0040005320,1,0,,,,0,,,
NY,0040005329,1,0,,,,0,,,
NY,0040005422,1,0,,,,0,,,
NY,0040005465,1,0,,,,0,,,
NY,0040005657,1,0,,,,0,,,
NY,0040005727,1,0,,,,0,,,
NY,0040005752,1,0,,,,0,,,
NY,0040005892,1,0,,,,0,,,
NY,0040005902,1,0,,,,0,,,
NY,0040005943,1,0,,,,0,,,
NY,0040006014,1,0,,,,0,,,
NY,0040006028,1,0,,,,0,,,
NY,0040006031,1,0,,,,0,,,
NY,0040006088,1,0,,,,0,,,
NY,0040006092,1,0,,,,0,,,
NY,0040006093,1,0,,,,0,,,
NY,0040006231,1,0,,,,0,,,
NY,0040006459,1,0,,,,0,,,
NY,0040006560,1,0,,,,0,,,
NY,0040006593,1,0,,,,0,,,
NY,0040006639,1,0,,,,0,,,
NY,0040006724,1,0,,,,0,,,
NY,0040006782,1,0,,,,0,,,
NY,0040006869,1,0,,,,0,,,
NY,0040006919,1,0,,,,0,,,
NY,0040006932,1,0,,,,0,,,
NY,0040006994,1,0,,,,0,,,
NY,0040007029,1,0,,,,0,,,
NY,0040007036,1,0,,,,0,,,
NY,0040007054,1,0,,,,0,,,
NY,0040007102,1,0,,,,0,,,
NY,0040007108,1,0,,,,0,,,
NY,0040007140,1,0,,,,0,,,
NY,0040007158,1,0,,,,0,,,
NY,0040007162,1,0,,,,0,,,
NY,0040007178,1,0,,,,0,,,
NY,0040007191,1,0,,,,0,,,
NY,0040007203,1,0,,,,0,,,
NY,0040007210,1,0,,,,0,,,
NY,0040007218,1,0,,,,0,,,
NY,0040007219,1,0,,,,0,,,
NY,0040007247,1,0,,,,0,,,
NY,0040007248,1,0,,,,0,,,
NY,0040007253,1,0,,,,0,,,
NY,0040007290,1,0,,,,0,,,
NY,0040007293,1,0,,,,0,,,
NY,0040007312,1,0,,,,0,,,
NY,0040007386,1,0,,,,0,,,
NY,0040007410,1,0,,,,0,,,
NY,0040007413,1,0,,,,0,,,
NY,0040007452,1,0,,,,0,,,
NY,0040007457,1,0,,,,0,,,
NY,0040007499,1,0,,,,0,,,
NY,0040007500,1,0,,,,0,,,
NY,0040007524,1,0,,,,0,,,
NY,0040007547,1,0,,,,0,,,
NY,0040007559,1,0,,,,0,,,
NY,0040007573,1,0,,,,0,,,
NY,0040007576,1,0,,,,0,,,
NY,0040007578,1,0,,,,0,,,
NY,0040007596,1,0,,,,0,,,
NY,0040007598,1,0,,,,0,,,
NY,0040007649,1,0,,,,0,,,
NY,0040007653,1,0,,,,0,,,
NY,0040007669,1,0,,,,0,,,
NY,0040007672,1,0,,,,0,,,
NY,0040007721,1,0,,,,0,,,
NY,0040007725,1,0,,,,0,,,
NY,0040007751,1,0,,,,0,,,
NY,0040007761,1,0,,,,0,,,
NY,0040007782,1,0,,,,0,,,
NY,0040007796,1,0,,,,0,,,
NY,0040007823,1,0,,,,0,,,
NY,0040007831,1,0,,,,0,,,
NY,0040007835,2,2,,0.0,,0,,,
NY,0040007874,1,0,,,,0,,,
NY,0040007887,1,0,,,,0,,,
NY,0040007888,1,0,,,,0,,,
NY,0040007902,1,0,,,,0,,,
NY,0040007903,1,0,,,,0,,,
NY,0040007911,1,0,,,,0,,,
NY,0040007917,1,0,,,,0,,,
NY,0040007932,1,0,,,,0,,,
NY,0040007937,2,2,,0.024984384759525267,,2,,0.9743910056214853,0.0
NY,0040007939,1,0,,,,0,,,
NY,0040007953,1,0,,,,0,,,
NY,0040007956,1,0,,,,0,,,
NY,0040007958,1,0,,,,0,,,
NY,0040007968,1,0,,,,0,,,
NY,0040007969,1,0,,,,0,,,
NY,0040007978,1,0,,,,0,,,
NY,0040007986,1,0,,,,0,,,
NY,0040008000,1,0,,,,0,,,
NY,0040008002,1,0,,,,0,,,
NY,0040008007,1,0,,,,0,,,
NY,0040008033,1,0,,,,0,,,
NY,0040008034,1,0,,,,0,,,
NY,0040008038,1,0,,,,0,,,
NY,0040008053,1,0,,,,0,,,
NY,0040008062,1,0,,,,0,,,
NY,0040008064,1,0,,,,0,,,
NY,0040008095,1,0,,,,0,,,
NY,0040008103,1,0,,,,0,,,
NY,0040008120,1,0,,,,0,,,
NY,0040008129,1,0,,,,0,,,
NY,0040008130,1,0,,,,0,,,
NY,0040008178,1,0,,,,0,,,
NY,0040008200,1,0,,,,0,,,
NY,0040008202,1,0,,,,0,,,
NY,0040008203,1,0,,,,0,,,
NY,0040008223,1,0,,,,0,,,
NY,0040008237,1,0,,,,0,,,
NY,0040008333,1,0,,,,0,,,
NY,0040008344,1,0,,,,0,,,
NY,0040008365,1,0,,,,0,,,
NY,0040008400,1,0,,,,0,,,
NY,0040008411,1,0,,,,0,,,
NY,0040008426,1,0,,,,0,,,
NY,0040008443,1,0,,,,0,,,
NY,0040008444,1,0,,,,0,,,
NY,0040008458,1,0,,,,0,,,
NY,0040008466,1,0,,,,0,,,
NY,0040008478,1,0,,,,0,,,
NY,0040008484,1,0,,,,0,,,
NY,0040008530,1,0,,,,0,,,
NY,0040008540,1,0,,,,0,,,
NY,0040008549,1,0,,,,0,,,
NY,0040008596,1,0,,,,0,,,
NY,0040008648,1,0,,,,0,,,
NY,0040008659,1,0,,,,0,,,
NY,0040008690,1,0,,,,0,,,
NY,0040008698,1,0,,,,0,,,
NY,0040008867,1,0,,,,0,,,
NY,0040008874,1,0,,,,0,,,
NY,0040008982,1,0,,,,0,,,
NY,0040009050,1,0,,,,0,,,
NY,0040009147,1,0,,,,0,,,
NY,0040009325,1,0,,,,0,,,
NY,0040009344,1,0,,,,0,,,
NY,0040009499,1,0,,,,0,,,
NY,0040009553,1,0,,,,0,,,
NY,0040009895,1,0,,,,0,,,
NY,0040009984,1,0,,,,0,,,
NY,0040010079,1,0,,,,0,,,
NY,0040010082,1,0,,,,0,,,
NY,0040010245,1,0,,,,0,,,
NY,0040010255,1,0,,,,0,,,
NY,0040010269,1,0,,,,0,,,
NY,0040010296,1,0,,,,0,,,
NY,0040010320,1,0,,,,0,,,
NY,0040010323,1,0,,,,0,,,
NY,0040010340,1,0,,,,0,,,
NY,0040010377,1,0,,,,0,,,
NY,0040010396,1,0,,,,0,,,
NY,0040010414,1,0,,,,0,,,
NY,0040010471,1,0,,,,0,,,
NY,0040010489,1,0,,,,0,,,
NY,0040010499,1,0,,,,0,,,
NY,0040010501,1,0,,,,0,,,
NY,0040010510,1,0,,,,0,,,
NY,0040010530,1,0,,,,0,,,
NY,0040010658,1,0,,,,0,,,
NY,0040010661,1,0,,,,0,,,
NY,0040010665,1,0,,,,0,,,
NY,0040010750,1,0,,,,0,,,
NY,0040010795,1,0,,,,0,,,
NY,0040010796,1,0,,,,0,,,
NY,0040010810,1,0,,,,0,,,
NY,0040010874,1,0,,,,0,,,
NY,0040010974,1,0,,,,0,,,
NY,0040010998,1,0,,,,0,,,
NY,0040011005,1,0,,,,0,,,
NY,0040011030,1,0,,,,0,,,
NY,0040011102,1,0,,,,0,,,
NY,0040011131,1,0,,,,0,,,
TX,0020019877,1,0,,,,0,,,
TX,0020020613,1,0,,,,0,,,
TX,0020027581,1,0,,,,0,,,
TX,0020028150,1,0,,,,0,,,
TX,0020047734,1,0,,,,0,,,
TX,0020075569,1,0,,,,0,,,
TX,0020077076,1,0,,,,0,,,
TX,0020080870,1,0,,,,0,,,
TX,0020081072,1,0,,,,0,,,
TX,0020089536,1,0,,,,0,,,
TX,0020101549,1,0,,,,0,,,
TX,0020111164,1,0,,,,0,,,
TX,0020129761,1,0,,,,0,,,
TX,0020132081,1,0,,,,0,,,
TX,0020137429,1,0,,,,0,,,
TX,0020139309,1,0,,,,0,,,
TX,0020173325,1,0,,,,0,,,
TX,0020188382,1,0,,,,0,,,
TX,0020205550,1,0,,,,0,,,
TX,0020214855,1,0,,,,0,,,
TX,0020227833,1,0,,,,0,,,
TX,0020233938,1,0,,,,0,,,
TX,0020236677,1,0,,,,0,,,
TX,0020250030,1,0,,,,0,,,
TX,0020258778,1,0,,,,0,,,
TX,0020266786,1,0,,,,0,,,
TX,0020268767,1,0,,,,0,,,
TX,0020271495,1,0,,,,0,,,
TX,0020279154,1,0,,,,0,,,
TX,0020281069,1,0,,,,0,,,
TX,0020312396,1,0,,,,0,,,
TX,0020320273,1,0,,,,0,,,
TX,0020324658,1,0,,,,0,,,
TX,0020327679,1,0,,,,0,,,
TX,0020330599,1,0,,,,0,,,
TX,0020341350,1,0,,,,0,,,
TX,0020342053,1,0,,,,0,,,
TX,0020355918,1,0,,,,0,,,
TX,0020359812,1,0,,,,0,,,
TX,0020371463,1,0,,,,0,,,
TX,0020372422,1,0,,,,0,,,
TX,0020373205,1,0,,,,0,,,
TX,0020390261,1,0,,,,0,,,
TX,0020419600,1,0,,,,0,,,
TX,0020424056,1,0,,,,0,,,
TX,0020427036,1,0,,,,0,,,
TX,0020449860,1,0,,,,0,,,
TX,0020493900,1,0,,,,0,,,
TX,0020495338,1,0,,,,0,,,
TX,0020504901,1,0,,,,0,,,
TX,0020510681,1,0,,,,0,,,
TX,0020513987,1,0,,,,0,,,
TX,0020533912,1,0,,,,0,,,
TX,0020563952,1,0,,,,0,,,
TX,0020567539,1,0,,,,0,,,
TX,0020586203,1,0,,,,0,,,
TX,0020608455,1,0,,,,0,,,
TX,0020609890,1,0,,,,0,,,
TX,0020651641,1,0,,,,0,,,
TX,0020662185,1,0,,,,0,,,
TX,0020676062,1,0,,,,0,,,
TX,0020687588,1,0,,,,0,,,
TX,0020692190,1,0,,,,0,,,
TX,0020718603,1,0,,,,0,,,
TX,0020718986,1,0,,,,0,,,
TX,0020746663,1,0,,,,0,,,
TX,0020750315,1,0,,,,0,,,
TX,0020750356,1,0,,,,0,,,
TX,0020767332,1,0,,,,0,,,
TX,0020781534,1,0,,,,0,,,
TX,0020794297,1,0,,,,0,,,
TX,0020796292,1,0,,,,0,,,
TX,0020818662,1,0,,,,0,,,
TX,0020847282,1,0,,,,0,,,
TX,0020872005,1,0,,,,0,,,
TX,0020883883,1,0,,,,0,,,
TX,0020885252,1,0,,,,0,,,
TX,0020903044,1,0,,,,0,,,
TX,0020942024,1,0,,,,0,,,
TX,0020959163,1,0,,,,0,,,
TX,0020966687,1,0,,,,0,,,
TX,0020967178,1,0,,,,0,,,
TX,0020972204,1,0,,,,0,,,
TX,0020989116,1,0,,,,0,,,
TX,0020995742,1,0,,,,0,,,
TX,0021002942,1,0,,,,0,,,
TX,0021041288,1,0,,,,0,,,
TX,0021048843,1,0,,,,0,,,
TX,0021063506,1,0,,,,0,,,
TX,0021074827,1,0,,,,0,,,
TX,0021082329,1,0,,,,0,,,
TX,0021096260,1,0,,,,0,,,
TX,0021103677,1,0,,,,0,,,
TX,0021111402,1,0,,,,0,,,
TX,0021121631,1,0,,,,0,,,
TX,0021143455,1,0,,,,0,,,
TX,0021153390,1,0,,,,0,,,
TX,0021166810,1,0,,,,0,,,
TX,0021175380,1,0,,,,0,,,
TX,0021211219,1,0,,,,0,,,
TX,0021215283,1,0,,,,0,,,
TX,0021236569,1,0,,,,0,,,
TX,0021249035,1,0,,,,0,,,
TX,0021255077,1,0,,,,0,,,
TX,0021261917,1,0,,,,0,,,
TX,0021265751,1,0,,,,0,,,
TX,0021273874,1,0,,,,0,,,
TX,0021280527,1,0,,,,0,,,
TX,0021292475,1,0,,,,0,,,
TX,0021296583,1,0,,,,0,,,
TX,0021299884,1,0,,,,0,,,
TX,0021300192,1,0,,,,0,,,
TX,0021302219,1,0,,,,0,,,
TX,0021305086,1,0,,,,0,,,
TX,0021317455,1,0,,,,0,,,
TX,0021325858,1,0,,,,0,,,
TX,0021345001,1,0,,,,0,,,
TX,0021387350,1,0,,,,0,,,
TX,0021411154,1,0,,,,0,,,
TX,0021415098,1,0,,,,0,,,
TX,0021418334,1,0,,,,0,,,
TX,0021422721,1,0,,,,0,,,
TX,0021423237,1,0,,,,0,,,
TX,0021426437,1,0,,,,0,,,
TX,0021439747,1,0,,,,0,,,
TX,0021453688,1,0,,,,0,,,
TX,0021460525,1,0,,,,0,,,
TX,0021462971,1,0,,,,0,,,
TX,0021473852,1,0,,,,0,,,
TX,0021485107,1,0,,,,0,,,
TX,0021498993,1,0,,,,0,,,
TX,0021504910,1,0,,,,0,,,
TX,0021521079,1,0,,,,0,,,
TX,0021526990,1,0,,,,0,,,
TX,0021537016,1,0,,,,0,,,
TX,0021539994,1,0,,,,0,,,
TX,0021549408,1,0,,,,0,,,
TX,0021613601,1,0,,,,0,,,
TX,0021644235,1,0,,,,0,,,
TX,0021653834,1,0,,,,0,,,
TX,0021654310,1,0,,,,0,,,
TX,0021661677,1,0,,,,0,,,
TX,0021663837,1,0,,,,0,,,
TX,0021673559,1,0,,,,0,,,
TX,0021679296,1,0,,,,0,,,
TX,0021680347,1,0,,,,0,,,
TX,0021682652,1,0,,,,0,,,
TX,0021685799,1,0,,,,0,,,
TX,0021705806,1,0,,,,0,,,
TX,0021735264,1,0,,,,0,,,
TX,0021770045,1,0,,,,0,,,
TX,0021781251,1,0,,,,0,,,
TX,0021804393,1,0,,,,0,,,
TX,0021804712,1,0,,,,0,,,
TX,0021810635,1,0,,,,0,,,
TX,0021824693,1,0,,,,0,,,
TX,0021841457,1,0,,,,0,,,
TX,0021841992,1,0,,,,0,,,
TX,0021847728,1,0,,,,0,,,
TX,0021850982,1,0,,,,0,,,
TX,0021864563,1,0,,,,0,,,
TX,0021874082,1,0,,,,0,,,
TX,0021892116,1,0,,,,0,,,
TX,0021910890,1,0,,,,0,,,
TX,0021921383,1,0,,,,0,,,
TX,0021928832,1,0,,,,0,,,
TX,0021932032,1,0,,,,0,,,
TX,0021939414,1,0,,,,0,,,
TX,0021948543,1,0,,,,0,,,
TX,0021965113,1,0,,,,0,,,
TX,0021981367,1,0,,,,0,,,
TX,0021989474,1,0,,,,0,,,
TX,0021998998,1,0,,,,0,,,
TX,0022024633,1,0,,,,0,,,
TX,0022035321,1,0,,,,0,,,
TX,0022054853,1,0,,,,0,,,
TX,0022062210,1,0,,,,0,,,
TX,0022073613,1,0,,,,0,,,
TX,0022133784,1,0,,,,0,,,
TX,0022140129,1,0,,,,0,,,
TX,0022151716,1,0,,,,0,,,
TX,0022152648,1,0,,,,0,,,
TX,0022160219,1,0,,,,0,,,
TX,0022166193,1,0,,,,0,,,
TX,0022183006,1,0,,,,0,,,
TX,0022185351,1,0,,,,0,,,
TX,0022190730,1,0,,,,0,,,
TX,0022190771,1,0,,,,0,,,
TX,0022224590,1,0,,,,0,,,
TX,0022231996,1,0,,,,0,,,
TX,0022234705,1,0,,,,0,,,
TX,0022238270,1,0,,,,0,,,
TX,0022245332,1,0,,,,0,,,
TX,0022254636,1,0,,,,0,,,
TX,0022264598,1,0,,,,0,,,
TX,0022289679,1,0,,,,0,,,
TX,0022300065,1,0,,,,0,,,
TX,0022330591,1,0,,,,0,,,
TX,0022337222,1,0,,,,0,,,
TX,0022354417,1,0,,,,0,,,
TX,0022361950,1,0,,,,0,,,
TX,0022362097,1,0,,,,0,,,
TX,0022382709,1,0,,,,0,,,
TX,0022390815,1,0,,,,0,,,
TX,0022439957,1,0,,,,0,,,
TX,0022440113,1,0,,,,0,,,
TX,0022441404,1,0,,,,0,,,
TX,0022446888,1,0,,,,0,,,
TX,0022452156,1,0,,,,0,,,
TX,0022456694,1,0,,,,0,,,
TX,0022460693,1,0,,,,0,,,
TX,0022478383,1,0,,,,0,,,
TX,0022480596,1,0,,,,0,,,
TX,0022483191,1,0,,,,0,,,
TX,0022483454,1,0,,,,0,,,
TX,0022484543,1,0,,,,0,,,
TX,0022491489,1,0,,,,0,,,
TX,0022505996,1,0,,,,0,,,
TX,0022514681,1,0,,,,0,,,
TX,0022519623,1,0,,,,0,,,
TX,0022547391,1,0,,,,0,,,
TX,0022558259,1,0,,,,0,,,
TX,0022558605,1,0,,,,0,,,
TX,0022561109,1,0,,,,0,,,
TX,0022562482,1,0,,,,0,,,
TX,0022596321,1,0,,,,0,,,
TX,0022636966,1,0,,,,0,,,
TX,0022651504,1,0,,,,0,,,
TX,0022655770,1,0,,,,0,,,
TX,0022672280,1,0,,,,0,,,
TX,0022718050,1,0,,,,0,,,
TX,0022722493,1,0,,,,0,,,
TX,0022731822,1,0,,,,0,,,
TX,0022746183,1,0,,,,0,,,
TX,0022746258,1,0,,,,0,,,
TX,0022756638,1,0,,,,0,,,
TX,0022760455,1,0,,,,0,,,
TX,0022786010,1,0,,,,0,,,
TX,0022791077,1,0,,,,0,,,
TX,0022795084,1,0,,,,0,,,
TX,0022799252,1,0,,,,0,,,
TX,0022813028,1,0,,,,0,,,
TX,0022818633,1,0,,,,0,,,
TX,0022824082,1,0,,,,0,,,
TX,0022843368,1,0,,,,0,,,
TX,0022845009,1,0,,,,0,,,
TX,0022845373,1,0,,,,0,,,
TX,0022850034,1,0,,,,0,,,
TX,0022852986,1,0,,,,0,,,
TX,0022870406,1,0,,,,0,,,
TX,0022889188,1,0,,,,0,,,
TX,0022894553,1,0,,,,0,,,
TX,0022971483,1,0,,,,0,,,
TX,0022991048,1,0,,,,0,,,
TX,0022998357,1,0,,,,0,,,
TX,0023024837,1,0,,,,0,,,
TX,0023033525,1,0,,,,0,,,
TX,0023063198,1,0,,,,0,,,
TX,0023090343,1,0,,,,0,,,
TX,0023090557,1,0,,,,0,,,
TX,0023126425,1,0,,,,0,,,
TX,0023135861,1,0,,,,0,,,
TX,0023143528,1,0,,,,0,,,
TX,0023149276,1,0,,,,0,,,
TX,0023181902,1,0,,,,0,,,
TX,0023184856,1,0,,,,0,,,
TX,0023187127,1,0,,,,0,,,
TX,0023188548,1,0,,,,0,,,
TX,0023200996,1,0,,,,0,,,
TX,0023228492,1,0,,,,0,,,
TX,0023237331,1,0,,,,0,,,
TX,0023242389,1,0,,,,0,,,
TX,0023268527,1,0,,,,0,,,
TX,0023304968,1,0,,,,0,,,
TX,0023313463,1,0,,,,0,,,
TX,0023340561,1,0,,,,0,,,
TX,0023352927,1,0,,,,0,,,
TX,0023353514,1,0,,,,0,,,
TX,0023355623,1,0,,,,0,,,
TX,0023380854,1,0,,,,0,,,
TX,0023383882,1,0,,,,0,,,
TX,0023385955,1,0,,,,0,,,
TX,0023401672,1,0,,,,0,,,
TX,0023413941,1,0,,,,0,,,
TX,0023443885,1,0,,,,0,,,
TX,0023447414,1,0,,,,0,,,
TX,0023454060,1,0,,,,0,,,
TX,0023465599,1,0,,,,0,,,
TX,0023470406,1,0,,,,0,,,
TX,0023489959,1,0,,,,0,,,
TX,0023497644,1,0,,,,0,,,
TX,0023498637,1,0,,,,0,,,
TX,0023504339,1,0,,,,0,,,
TX,0023508249,1,0,,,,0,,,
TX,0023518405,1,0,,,,0,,,
TX,0023518652,1,0,,,,0,,,
TX,0023558200,1,0,,,,0,,,
TX,0023564333,1,0,,,,0,,,
TX,0023587093,1,0,,,,0,,,
TX,0023587203,1,0,,,,0,,,
TX,0023596751,1,0,,,,0,,,
TX,0023601245,1,0,,,,0,,,
TX,0023622579,1,0,,,,0,,,
TX,0023623132,1,0,,,,0,,,
TX,0023643230,1,0,,,,0,,,
TX,0023672704,1,0,,,,0,,,
TX,0023701802,1,0,,,,0,,,
TX,0023703255,1,0,,,,0,,,
TX,0023732682,1,0,,,,0,,,
TX,0023750870,1,0,,,,0,,,
TX,0023788464,1,0,,,,0,,,
TX,0023792139,1,0,,,,0,,,
TX,0023813566,1,0,,,,0,,,
TX,0023859262,1,0,,,,0,,,
TX,0023873220,1,0,,,,0,,,
TX,0023895117,1,0,,,,0,,,
TX,0023900693,1,0,,,,0,,,
TX,0023903874,1,0,,,,0,,,
TX,0023904960,1,0,,,,0,,,
TX,0023906523,1,0,,,,0,,,
TX,0023910357,1,0,,,,0,,,
TX,0023911118,1,0,,,,0,,,
TX,0023920265,1,0,,,,0,,,
TX,0023931679,1,0,,,,0,,,
TX,0023978705,1,0,,,,0,,,
TX,0023986114,1,0,,,,0,,,
TX,0023996532,1,0,,,,0,,,
TX,0024011680,1,0,,,,0,,,
TX,0024015266,1,0,,,,0,,,
TX,0024016101,1,0,,,,0,,,
TX,0024027214,1,0,,,,0,,,
TX,0024033724,1,0,,,,0,,,
TX,0024037022,1,0,,,,0,,,
TX,0024057452,1,0,,,,0,,,
TX,0024060840,1,0,,,,0,,,
TX,0024082007,1,0,,,,0,,,
TX,0024082807,1,0,,,,0,,,
TX,0024104934,1,0,,,,0,,,
TX,0024119172,1,0,,,,0,,,
TX,0024128945,1,0,,,,0,,,
TX,0024134356,1,0,,,,0,,,
TX,0024147702,1,0,,,,0,,,
TX,0024191919,1,0,,,,0,,,
TX,0024203939,1,0,,,,0,,,
TX,0024234635,1,0,,,,0,,,
TX,0024250660,1,0,,,,0,,,
TX,0024251857,1,0,,,,0,,,
TX,0024340445,1,0,,,,0,,,
TX,0024359182,1,0,,,,0,,,
TX,0024366224,1,0,,,,0,,,
TX,0024367194,1,0,,,,0,,,
TX,0024379513,1,0,,,,0,,,
TX,0024382628,1,0,,,,0,,,
TX,0024384118,1,0,,,,0,,,
TX,0024387493,1,0,,,,0,,,
TX,0024397591,1,0,,,,0,,,
TX,0024403951,1,0,,,,0,,,
TX,0024410478,1,0,,,,0,,,
TX,0024426417,1,0,,,,0,,,
TX,0024447073,1,0,,,,0,,,
TX,0024462542,1,0,,,,0,,,
TX,0024493292,1,0,,,,0,,,
TX,0024500809,1,0,,,,0,,,
TX,0024511061,1,0,,,,0,,,
TX,0024527687,1,0,,,,0,,,
TX,0024545453,1,0,,,,0,,,
TX,0024565960,1,0,,,,0,,,
TX,0024570712,1,0,,,,0,,,
TX,0024583106,1,0,,,,0,,,
TX,0024588395,1,0,,,,0,,,
TX,0024593418,1,0,,,,0,,,
TX,0024598622,1,0,,,,0,,,
TX,0024614664,1,0,,,,0,,,
TX,0024661677,1,0,,,,0,,,
TX,0024668321,1,0,,,,0,,,
TX,0024688017,1,0,,,,0,,,
TX,0024689402,1,0,,,,0,,,
TX,0024690927,1,0,,,,0,,,
TX,0024706154,1,0,,,,0,,,
TX,0024724159,1,0,,,,0,,,
TX,0024739973,1,0,,,,0,,,
TX,0024748072,1,0,,,,0,,,
TX,0024755926,1,0,,,,0,,,
TX,0024757274,1,0,,,,0,,,
TX,0024760680,1,0,,,,0,,,
TX,0024777691,1,0,,,,0,,,
TX,0024796038,1,0,,,,0,,,
TX,0024797594,1,0,,,,0,,,
TX,0024799392,1,0,,,,0,,,
TX,0024837234,1,0,,,,0,,,
TX,0024839265,1,0,,,,0,,,
TX,0024843861,1,0,,,,0,,,
TX,0024857239,1,0,,,,0,,,
TX,0024908077,1,0,,,,0,,,
TX,0024922603,1,0,,,,0,,,
TX,0024938297,1,0,,,,0,,,
TX,0024983168,1,0,,,,0,,,
TX,0024984071,1,0,,,,0,,,
TX,0024993697,1,0,,,,0,,,
TX,0025017830,1,0,,,,0,,,
TX,0025031398,1,0,,,,0,,,
TX,0025071561,1,0,,,,0,,,
TX,0025107102,1,0,,,,0,,,
TX,0025113141,1,0,,,,0,,,
TX,0025118554,1,0,,,,0,,,
TX,0025135566,1,0,,,,0,,,
TX,0025176334,1,0,,,,0,,,
TX,0025188786,1,0,,,,0,,,
TX,0025195456,1,0,,,,0,,,
TX,0025196096,1,0,,,,0,,,
TX,0025198869,1,0,,,,0,,,
TX,0025210058,1,0,,,,0,,,
TX,0025216753,1,0,,,,0,,,
TX,0025221724,1,0,,,,0,,,
TX,0025221992,1,0,,,,0,,,
TX,0025223472,1,0,,,,0,,,
TX,0025231314,1,0,,,,0,,,
TX,0025232043,1,0,,,,0,,,
TX,0025233339,1,0,,,,0,,,
TX,0025258256,1,0,,,,0,,,
TX,0025271675,1,0,,,,0,,,
TX,0025297941,1,0,,,,0,,,
TX,0025299395,1,0,,,,0,,,
TX,0025303600,1,0,,,,0,,,
TX,0025333261,1,0,,,,0,,,
TX,0025372352,1,0,,,,0,,,
TX,0025375199,1,0,,,,0,,,
TX,0025375724,1,0,,,,0,,,
TX,0025377146,1,0,,,,0,,,
TX,0025420449,1,0,,,,0,,,
TX,0025421356,1,0,,,,0,,,
TX,0025428028,1,0,,,,0,,,
TX,0025429166,1,0,,,,0,,,
TX,0025431801,1,0,,,,0,,,
TX,0025460809,1,0,,,,0,,,
TX,0025466408,1,0,,,,0,,,
TX,0025469871,1,0,,,,0,,,
TX,0025479087,1,0,,,,0,,,
TX,0025493466,1,0,,,,0,,,
TX,0025502273,1,0,,,,0,,,
TX,0025511772,1,0,,,,0,,,
TX,0025522079,1,0,,,,0,,,
TX,0025530017,1,0,,,,0,,,
TX,0025539422,1,0,,,,0,,,
TX,0025581670,1,0,,,,0,,,
TX,0025596876,1,0,,,,0,,,
TX,0025610679,1,0,,,,0,,,
TX,0025630666,1,0,,,,0,,,
TX,0025650152,1,0,,,,0,,,
TX,0025653021,1,0,,,,0,,,
TX,0025673433,1,0,,,,0,,,
TX,0025688818,1,0,,,,0,,,
TX,0025699689,1,0,,,,0,,,
TX,0025704709,1,0,,,,0,,,
TX,0025746287,1,0,,,,0,,,
TX,0025770621,1,0,,,,0,,,
TX,0025775866,1,0,,,,0,,,
TX,0025779772,1,0,,,,0,,,
TX,0025798872,1,0,,,,0,,,
TX,0025808782,1,0,,,,0,,,
TX,0025811390,1,0,,,,0,,,
TX,0025825767,1,0,,,,0,,,
TX,0025830137,1,0,,,,0,,,
TX,0025834891,1,0,,,,0,,,
TX,0025836597,1,0,,,,0,,,
TX,0025857873,1,0,,,,0,,,
TX,0025883219,1,0,,,,0,,,
TX,0025901482,1,0,,,,0,,,
TX,0025906869,1,0,,,,0,,,
TX,0025914509,1,0,,,,0,,,
TX,0025964053,1,0,,,,0,,,
TX,0025965755,1,0,,,,0,,,
TX,0025991379,1,0,,,,0,,,
TX,0025993977,1,0,,,,0,,,
TX,0025994115,1,0,,,,0,,,
TX,0026008130,1,0,,,,0,,,
TX,0026014312,1,0,,,,0,,,
TX,0026025270,1,0,,,,0,,,
TX,0026037990,1,0,,,,0,,,
TX,0026040559,1,0,,,,0,,,
TX,0026064487,1,0,,,,0,,,
TX,0026067796,1,0,,,,0,,,
TX,0026079659,1,0,,,,0,,,
TX,0026084609,1,0,,,,0,,,
TX,0026085243,1,0,,,,0,,,
TX,0026086183,1,0,,,,0,,,
TX,0026096414,1,0,,,,0,,,
TX,0026102972,1,0,,,,0,,,
TX,0026111196,1,0,,,,0,,,
TX,0026112784,1,0,,,,0,,,
TX,0026112880,1,0,,,,0,,,
TX,0026114523,1,0,,,,0,,,
TX,0026116026,1,0,,,,0,,,
TX,0026128682,1,0,,,,0,,,
TX,0026133524,1,0,,,,0,,,
TX,0026147383,1,0,,,,0,,,
TX,0026153507,1,0,,,,0,,,
TX,0026168275,1,0,,,,0,,,
TX,0026170907,1,0,,,,0,,,
TX,0026183619,1,0,,,,0,,,
TX,0026187319,1,0,,,,0,,,
TX,0026193679,1,0,,,,0,,,
TX,0026196356,1,0,,,,0,,,
TX,0026197084,1,0,,,,0,,,
TX,0026197927,1,0,,,,0,,,
TX,0026204521,1,0,,,,0,,,
TX,0026211749,1,0,,,,0,,,
TX,0026221280,1,0,,,,0,,,
TX,0026224850,1,0,,,,0,,,
TX,0026232498,1,0,,,,0,,,
TX,0026249584,1,0,,,,0,,,
TX,0026258774,1,0,,,,0,,,
TX,0026298007,1,0,,,,0,,,
TX,0026310589,1,0,,,,0,,,
TX,0026314006,1,0,,,,0,,,
TX,0026339719,1,0,,,,0,,,
TX,0026354355,1,0,,,,0,,,
TX,0026354733,1,0,,,,0,,,
TX,0026357373,1,0,,,,0,,,
TX,0026362647,1,0,,,,0,,,
TX,0026385277,1,0,,,,0,,,
TX,0026400569,1,0,,,,0,,,
TX,0026403902,1,0,,,,0,,,
TX,0026405675,1,0,,,,0,,,
TX,0026419382,1,0,,,,0,,,
TX,0026423003,1,0,,,,0,,,
TX,0026427908,1,0,,,,0,,,
TX,0026433843,1,0,,,,0,,,
TX,0026436936,1,0,,,,0,,,
TX,0026452403,1,0,,,,0,,,
TX,0026481158,1,0,,,,0,,,
TX,0026489526,1,0,,,,0,,,
TX,0026511393,1,0,,,,0,,,
TX,0026519721,1,0,,,,0,,,
TX,0026572387,1,0,,,,0,,,
TX,0026605826,1,0,,,,0,,,
TX,0026611517,1,0,,,,0,,,
TX,0026612839,1,0,,,,0,,,
TX,0026632004,1,0,,,,0,,,
TX,0026657441,1,0,,,,0,,,
TX,0026694754,1,0,,,,0,,,
TX,0026700018,1,0,,,,0,,,
TX,0026707704,1,0,,,,0,,,
TX,0026709911,1,0,,,,0,,,
TX,0026729694,1,0,,,,0,,,
TX,0026730122,1,0,,,,0,,,
TX,0026761433,1,0,,,,0,,,
TX,0026790562,1,0,,,,0,,,
TX,0026790826,1,0,,,,0,,,
TX,0026795661,1,0,,,,0,,,
TX,0026799498,1,0,,,,0,,,
TX,0026800397,1,0,,,,0,,,
TX,0026812409,1,0,,,,0,,,
TX,0026852667,1,0,,,,0,,,
TX,0026871426,1,0,,,,0,,,
TX,0026892998,1,0,,,,0,,,
TX,0026909041,1,0,,,,0,,,
TX,0026920262,1,0,,,,0,,,
TX,0026944288,1,0,,,,0,,,
TX,0026990358,1,0,,,,0,,,
TX,0027014635,1,0,,,,0,,,
TX,0027019132,1,0,,,,0,,,
TX,0027026047,1,0,,,,0,,,
TX,0027037311,1,0,,,,0,,,
TX,0027044743,1,0,,,,0,,,
TX,0027063140,1,0,,,,0,,,
TX,0027077346,1,0,,,,0,,,
TX,0027085828,1,0,,,,0,,,
TX,0027088864,1,0,,,,0,,,
TX,0027113745,1,0,,,,0,,,
TX,0027114854,1,0,,,,0,,,
TX,0027136926,1,0,,,,0,,,
TX,0027180297,1,0,,,,0,,,
TX,0027196955,1,0,,,,0,,,
TX,0027198426,1,0,,,,0,,,
TX,0027198932,1,0,,,,0,,,
TX,0027200057,1,0,,,,0,,,
TX,0027200667,1,0,,,,0,,,
TX,0027210808,1,0,,,,0,,,
TX,0027213784,1,0,,,,0,,,
TX,0027219242,1,0,,,,0,,,
TX,0027225610,1,0,,,,0,,,
TX,0027235156,1,0,,,,0,,,
TX,0027243708,1,0,,,,0,,,
TX,0027263506,1,0,,,,0,,,
TX,0027272259,1,0,,,,0,,,
TX,0027277047,1,0,,,,0,,,
TX,0027282070,1,0,,,,0,,,
TX,0027285069,1,0,,,,0,,,
TX,0027287580,1,0,,,,0,,,
TX,0027294101,1,0,,,,0,,,
TX,0027320638,1,0,,,,0,,,
TX,0027331935,1,0,,,,0,,,
TX,0027343119,1,0,,,,0,,,
TX,0027387407,1,0,,,,0,,,
TX,0027395985,1,0,,,,0,,,
TX,0027405407,1,0,,,,0,,,
TX,0027410004,1,0,,,,0,,,
TX,0027425810,1,0,,,,0,,,
TX,0027436258,1,0,,,,0,,,
TX,0027451022,1,0,,,,0,,,
TX,0027490205,1,0,,,,0,,,
TX,0027532658,1,0,,,,0,,,
TX,0027556590,1,0,,,,0,,,
TX,0027573692,1,0,,,,0,,,
TX,0027581434,1,0,,,,0,,,
TX,0027621554,1,0,,,,0,,,
TX,0027624716,1,0,,,,0,,,
TX,0027633780,1,0,,,,0,,,
TX,0027636215,1,0,,,,0,,,
TX,0027668806,1,0,,,,0,,,
TX,0027671472,1,0,,,,0,,,
TX,0027683543,1,0,,,,0,,,
TX,0027690058,1,0,,,,0,,,
TX,0027728589,1,0,,,,0,,,
TX,0027733677,1,0,,,,0,,,
TX,0027747547,1,0,,,,0,,,
TX,0027757971,1,0,,,,0,,,
TX,0027763981,1,0,,,,0,,,
TX,0027776906,1,0,,,,0,,,
TX,0027794729,1,0,,,,0,,,
TX,0027799784,1,0,,,,0,,,
TX,0027815022,1,0,,,,0,,,
TX,0027841540,1,0,,,,0,,,
TX,0027858854,1,0,,,,0,,,
TX,0027865733,1,0,,,,0,,,
TX,0027870753,1,0,,,,0,,,
TX,0027874322,1,0,,,,0,,,
TX,0027920234,1,0,,,,0,,,
TX,0027933971,1,0,,,,0,,,
TX,0027977941,1,0,,,,0,,,
TX,0027988027,1,0,,,,0,,,
TX,0028043115,1,0,,,,0,,,
TX,0028043317,1,0,,,,0,,,
TX,0028055264,1,0,,,,0,,,
TX,0028062909,1,0,,,,0,,,
TX,0028073397,1,0,,,,0,,,
TX,0028077092,1,0,,,,0,,,
TX,0028086601,1,0,,,,0,,,
TX,0028087464,1,0,,,,0,,,
TX,0028102101,1,0,,,,0,,,
TX,0028124989,1,0,,,,0,,,
TX,0028141378,1,0,,,,0,,,
TX,0028149030,1,0,,,,0,,,
TX,0028151716,1,0,,,,0,,,
TX,0028165552,1,0,,,,0,,,
TX,0028180478,1,0,,,,0,,,
TX,0028191178,1,0,,,,0,,,
TX,0028196727,1,0,,,,0,,,
TX,0028199483,1,0,,,,0,,,
TX,0028202613,1,0,,,,0,,,
TX,0028206503,1,0,,,,0,,,
TX,0028212682,1,0,,,,0,,,
TX,0028217322,1,0,,,,0,,,
TX,0028219212,1,0,,,,0,,,
TX,0028225291,1,0,,,,0,,,
TX,0028230770,1,0,,,,0,,,
TX,0028264248,1,0,,,,0,,,
TX,0028268394,1,0,,,,0,,,
TX,0028273589,1,0,,,,0,,,
TX,0028279311,1,0,,,,0,,,
TX,0028284395,1,0,,,,0,,,
TX,0028294419,1,0,,,,0,,,
TX,0028305996,1,0,,,,0,,,
TX,0028311482,1,0,,,,0,,,
TX,0028338419,1,0,,,,0,,,
TX,0028393544,1,0,,,,0,,,
TX,0028414471,1,0,,,,0,,,
TX,0028436117,1,0,,,,0,,,
TX,0028440879,1,0,,,,0,,,
TX,0028449525,1,0,,,,0,,,
TX,0028457522,1,0,,,,0,,,
TX,0028478911,1,0,,,,0,,,
TX,0028483241,1,0,,,,0,,,
TX,0028495165,1,0,,,,0,,,
TX,0028498837,1,0,,,,0,,,
TX,0028500825,1,0,,,,0,,,
TX,0028520229,1,0,,,,0,,,
TX,0028525790,1,0,,,,0,,,
TX,0028603607,1,0,,,,0,,,
TX,0028603788,1,0,,,,0,,,
TX,0028608135,1,0,,,,0,,,
TX,0028618531,1,0,,,,0,,,
TX,0028633543,1,0,,,,0,,,
TX,0028641949,1,0,,,,0,,,
TX,0028648105,1,0,,,,0,,,
TX,0028662321,1,0,,,,0,,,
TX,0028675891,1,0,,,,0,,,
TX,0028682764,1,0,,,,0,,,
TX,0028698392,1,0,,,,0,,,
TX,0028698704,1,0,,,,0,,,
TX,0028709862,1,0,,,,0,,,
TX,0028715241,1,0,,,,0,,,
TX,0028726646,1,0,,,,0,,,
TX,0028735947,1,0,,,,0,,,
TX,0028775545,1,0,,,,0,,,
TX,0028778636,1,0,,,,0,,,
TX,0028780556,1,0,,,,0,,,
TX,0028793053,1,0,,,,0,,,
TX,0028796963,1,0,,,,0,,,
TX,0028807961,1,0,,,,0,,,
TX,0028808453,1,0,,,,0,,,
TX,0028812133,1,0,,,,0,,,
TX,0028812232,1,0,,,,0,,,
TX,0028825507,1,0,,,,0,,,
TX,0028826943,1,0,,,,0,,,
TX,0028834643,1,0,,,,0,,,
TX,0028861998,1,0,,,,0,,,
TX,0028864807,1,0,,,,0,,,
TX,0028867808,1,0,,,,0,,,
TX,0028887860,1,0,,,,0,,,
TX,0028904912,1,0,,,,0,,,
TX,0028931449,1,0,,,,0,,,
TX,0028940800,1,0,,,,0,,,
TX,0028947704,1,0,,,,0,,,
TX,0028949252,1,0,,,,0,,,
TX,0028949831,1,0,,,,0,,,
TX,0028979863,1,0,,,,0,,,
TX,0028980571,1,0,,,,0,,,
TX,0028985406,1,0,,,,0,,,
TX,0028990766,1,0,,,,0,,,
TX,0029004607,1,0,,,,0,,,
TX,0029034352,1,0,,,,0,,,
TX,0029045511,1,0,,,,0,,,
TX,0029048168,1,0,,,,0,,,
TX,0029077208,1,0,,,,0,,,
TX,0029104819,1,0,,,,0,,,
TX,0029140739,1,0,,,,0,,,
TX,0029189590,1,0,,,,0,,,
TX,0029202890,1,0,,,,0,,,
TX,0029208501,1,0,,,,0,,,
TX,0029222136,1,0,,,,0,,,
TX,0029224142,1,0,,,,0,,,
TX,0029231735,1,0,,,,0,,,
TX,0029243410,1,0,,,,0,,,
TX,0029271530,1,0,,,,0,,,
TX,0029284838,1,0,,,,0,,,
TX,0029285149,1,0,,,,0,,,
TX,0029291897,1,0,,,,0,,,
TX,0029293037,1,0,,,,0,,,
TX,0029293298,1,0,,,,0,,,
TX,0029310340,1,0,,,,0,,,
TX,0029318031,1,0,,,,0,,,
TX,0029335555,1,0,,,,0,,,
TX,0029360593,1,0,,,,0,,,
TX,0029368175,1,0,,,,0,,,
TX,0029372601,1,0,,,,0,,,
TX,0029385701,1,0,,,,0,,,
TX,0029401251,1,0,,,,0,,,
TX,0029417507,1,0,,,,0,,,
TX,0029448170,1,0,,,,0,,,
TX,0029455976,1,0,,,,0,,,
TX,0029462055,1,0,,,,0,,,
TX,0029480521,1,0,,,,0,,,
TX,0029494227,1,0,,,,0,,,
TX,0029504669,1,0,,,,0,,,
TX,0029529847,1,0,,,,0,,,
TX,0029540900,1,0,,,,0,,,
TX,0029555304,1,0,,,,0,,,
TX,0029559557,1,0,,,,0,,,
TX,0029561729,1,0,,,,0,,,
TX,0029569215,1,0,,,,0,,,
TX,0029585542,1,0,,,,0,,,
TX,0029593266,1,0,,,,0,,,
TX,0029618252,1,0,,,,0,,,
TX,0029623954,1,0,,,,0,,,
TX,0029666450,1,0,,,,0,,,
TX,0029671770,1,0,,,,0,,,
TX,0029685552,1,0,,,,0,,,
TX,0029688666,1,0,,,,0,,,
TX,0029705701,1,0,,,,0,,,
TX,0029712462,1,0,,,,0,,,
TX,0029753259,1,0,,,,0,,,
TX,0029778298,1,0,,,,0,,,
TX,0029803348,1,0,,,,0,,,
TX,0029808941,1,0,,,,0,,,
TX,0029832989,1,0,,,,0,,,
TX,0029854992,1,0,,,,0,,,
TX,0029867034,1,0,,,,0,,,
TX,0029871151,1,0,,,,0,,,
TX,0029887486,1,0,,,,0,,,
TX,0029890458,1,0,,,,0,,,
TX,0029898127,1,0,,,,0,,,
TX,0029911327,1,0,,,,0,,,
TX,0029912284,1,0,,,,0,,,
TX,0029919675,1,0,,,,0,,,
TX,0029941536,1,0,,,,0,,,
TX,0029944178,1,0,,,,0,,,
TX,0029961567,1,0,,,,0,,,
TX,0029978272,1,0,,,,0,,,
TX,0029993018,1,0,,,,0,,,
TX,0029995398,1,0,,,,0,,,
TX,0040000022,1,0,,,,0,,,
TX,0040000060,1,0,,,,0,,,
TX,0040000068,1,0,,,,0,,,
TX,0040000073,1,0,,,,0,,,
TX,0040000199,1,0,,,,0,,,
TX,0040000240,1,0,,,,0,,,
TX,0040000287,1,0,,,,0,,,
TX,0040000345,1,0,,,,0,,,
TX,0040000353,1,0,,,,0,,,
TX,0040000420,1,0,,,,0,,,
TX,0040000434,1,0,,,,0,,,
TX,0040000442,1,0,,,,0,,,
TX,0040000495,1,0,,,,0,,,
TX,0040000531,1,0,,,,0,,,
TX,0040000617,1,0,,,,0,,,
TX,0040000666,1,0,,,,0,,,
TX,0040000675,1,0,,,,0,,,
TX,0040000686,1,0,,,,0,,,
TX,0040000696,1,0,,,,0,,,
TX,0040000714,1,0,,,,0,,,
TX,0040000746,1,0,,,,0,,,
TX,0040000778,1,0,,,,0,,,
TX,0040000820,1,0,,,,0,,,
TX,0040000821,1,0,,,,0,,,
TX,0040000856,1,0,,,,0,,,
TX,0040000887,1,0,,,,0,,,
TX,0040000905,1,0,,,,0,,,
TX,0040000910,1,0,,,,0,,,
TX,0040000938,1,0,,,,0,,,
TX,0040000944,1,0,,,,0,,,
TX,0040000946,1,0,,,,0,,,
TX,0040001031,1,0,,,,0,,,
TX,0040001032,1,0,,,,0,,,
TX,0040001057,1,0,,,,0,,,
TX,0040001091,1,0,,,,0,,,
TX,0040001117,1,0,,,,0,,,
TX,0040001141,1,0,,,,0,,,
TX,0040001155,1,0,,,,0,,,
TX,0040001156,1,0,,,,0,,,
TX,0040001207,1,0,,,,0,,,
TX,0040001226,1,0,,,,0,,,
TX,0040001243,1,0,,,,0,,,
TX,0040001254,1,0,,,,0,,,
TX,0040001352,1,0,,,,0,,,
TX,0040001359,1,0,,,,0,,,
TX,0040001385,1,0,,,,0,,,
TX,0040001390,1,0,,,,0,,,
TX,0040001402,1,0,,,,0,,,
TX,0040001415,1,0,,,,0,,,
TX,0040001449,1,0,,,,0,,,
TX,0040001470,1,0,,,,0,,,
TX,0040001546,1,0,,,,0,,,
TX,0040001561,1,0,,,,0,,,
TX,0040001617,1,0,,,,0,,,
TX,0040001651,1,0,,,,0,,,
TX,0040001654,1,0,,,,0,,,
TX,0040001704,1,0,,,,0,,,
TX,0040001743,1,0,,,,0,,,
TX,0040001783,1,0,,,,0,,,
TX,0040001821,1,0,,,,0,,,
TX,0040001860,1,0,,,,0,,,
TX,0040001879,1,0,,,,0,,,
TX,0040001882,1,0,,,,0,,,
TX,0040002011,1,0,,,,0,,,
TX,0040002094,2,2,-0.9999999999999999,-8.849557522123895,1.0,0,,,
TX,0040002101,1,0,,,,0,,,
TX,0040002134,1,0,,,,0,,,
TX,0040002144,1,0,,,,0,,,
TX,0040002184,1,0,,,,0,,,
TX,0040002199,1,0,,,,0,,,
TX,0040002204,1,0,,,,0,,,
TX,0040002209,1,0,,,,0,,,
TX,0040002217,1,0,,,,0,,,
TX,0040002307,1,0,,,,0,,,
TX,0040002371,1,0,,,,0,,,
TX,0040002390,1,0,,,,0,,,
TX,0040002396,1,0,,,,0,,,
TX,0040002398,1,0,,,,0,,,
TX,0040002401,1,0,,,,0,,,
TX,0040002419,1,0,,,,0,,,
TX,0040002424,1,0,,,,0,,,
TX,0040002503,1,0,,,,0,,,
TX,0040002509,1,0,,,,0,,,
TX,0040002535,1,0,,,,0,,,
TX,0040002560,1,0,,,,0,,,
TX,0040002676,1,0,,,,0,,,
TX,0040002697,1,0,,,,0,,,
TX,0040002699,1,0,,,,0,,,
TX,0040002704,1,0,,,,0,,,
TX,0040002743,1,0,,,,0,,,
TX,0040002806,1,0,,,,0,,,
TX,0040002818,1,0,,,,0,,,
TX,0040002835,1,0,,,,0,,,
TX,0040002845,1,0,,,,0,,,
TX,0040002849,1,0,,,,0,,,
TX,0040002901,1,0,,,,0,,,
TX,0040002927,1,0,,,,0,,,
TX,0040002933,1,0,,,,0,,,
TX,0040002942,1,0,,,,0,,,
TX,0040002958,1,0,,,,0,,,
TX,0040003018,1,0,,,,0,,,
TX,0040003125,1,0,,,,0,,,
TX,0040003302,1,0,,,,0,,,
TX,0040003317,1,0,,,,0,,,
TX,0040003346,1,0,,,,0,,,
TX,0040003362,1,0,,,,0,,,
TX,0040003383,1,0,,,,0,,,
TX,0040003396,1,0,,,,0,,,
TX,0040003443,1,0,,,,0,,,
TX,0040003510,1,0,,,,0,,,
TX,0040003572,1,0,,,,0,,,
TX,0040003606,1,0,,,,0,,,
TX,0040003610,1,0,,,,0,,,
TX,0040003629,1,0,,,,0,,,
TX,0040003636,1,0,,,,0,,,
TX,0040003651,1,0,,,,0,,,
TX,0040003685,1,0,,,,0,,,
TX,0040003733,1,0,,,,0,,,
TX,0040003807,1,0,,,,0,,,
TX,0040003856,1,0,,,,0,,,
TX,0040003890,1,0,,,,0,,,
TX,0040003915,1,0,,,,0,,,
TX,0040004010,1,0,,,,0,,,
TX,0040004087,1,0,,,,0,,,
TX,0040004112,1,0,,,,0,,,
TX,0040004156,1,0,,,,0,,,
TX,0040004214,1,0,,,,0,,,
TX,0040004250,1,0,,,,0,,,
TX,0040004264,1,0,,,,0,,,
TX,0040004277,1,0,,,,0,,,
TX,0040004284,1,0,,,,0,,,
TX,0040004353,1,0,,,,0,,,
TX,0040004400,1,0,,,,0,,,
TX,0040004425,1,0,,,,0,,,
TX,0040004430,1,0,,,,0,,,
TX,0040004434,1,0,,,,0,,,
TX,0040004452,1,0,,,,0,,,
TX,0040004480,1,0,,,,0,,,
TX,0040004492,1,0,,,,0,,,
TX,0040004498,1,0,,,,0,,,
TX,0040004562,1,0,,,,0,,,
TX,0040004573,1,0,,,,0,,,
TX,0040004638,1,0,,,,0,,,
TX,0040004732,1,0,,,,0,,,
TX,0040004750,1,0,,,,0,,,
TX,0040004753,1,0,,,,0,,,
TX,0040004771,1,0,,,,0,,,
TX,0040004780,1,0,,,,0,,,
TX,0040004818,1,0,,,,0,,,
TX,0040004845,1,0,,,,0,,,
TX,0040004864,1,0,,,,0,,,
TX,0040004904,1,0,,,,0,,,
TX,0040004924,1,0,,,,0,,,
TX,0040004933,1,0,,,,0,,,
TX,0040004962,1,0,,,,0,,,
TX,0040004999,1,0,,,,0,,,
TX,0040005001,1,0,,,,0,,,
TX,0040005022,1,0,,,,0,,,
TX,0040005103,1,0,,,,0,,,
TX,0040005127,1,0,,,,0,,,
TX,0040005146,1,0,,,,0,,,
TX,0040005153,1,0,,,,0,,,
TX,0040005271,1,0,,,,0,,,
TX,0040005306,1,0,,,,0,,,
TX,0040005312,1,0,,,,0,,,
TX,0040005362,1,0,,,,0,,,
TX,0040005378,1,0,,,,0,,,
TX,0040005393,1,0,,,,0,,,
TX,0040005421,1,0,,,,0,,,
TX,0040005430,1,0,,,,0,,,
TX,0040005533,1,0,,,,0,,,
TX,0040005595,1,0,,,,0,,,
TX,0040005599,1,0,,,,0,,,
TX,0040005605,1,0,,,,0,,,
TX,0040005688,1,0,,,,0,,,
TX,0040005747,1,0,,,,0,,,
TX,0040005769,1,0,,,,0,,,
TX,0040005772,1,0,,,,0,,,
TX,0040005780,1,0,,,,0,,,
TX,0040005836,1,0,,,,0,,,
TX,0040005900,1,0,,,,0,,,
TX,0040005930,1,0,,,,0,,,
TX,0040005969,1,0,,,,0,,,
TX,0040005993,1,0,,,,0,,,
TX,0040006007,1,0,,,,0,,,
TX,0040006069,1,0,,,,0,,,
TX,0040006077,1,0,,,,0,,,
TX,0040006162,1,0,,,,0,,,
TX,0040006256,1,0,,,,0,,,
TX,0040006257,1,0,,,,0,,,
TX,0040006327,1,0,,,,0,,,
TX,0040006349,1,0,,,,0,,,
TX,0040006371,1,0,,,,0,,,
TX,0040006384,1,0,,,,0,,,
TX,0040006403,1,0,,,,0,,,
TX,0040006435,1,0,,,,0,,,
TX,0040006464,1,0,,,,0,,,
TX,0040006487,1,0,,,,0,,,
TX,0040006547,1,0,,,,0,,,
TX,0040006553,1,0,,,,0,,,
TX,0040006600,1,0,,,,0,,,
TX,0040006605,1,0,,,,0,,,
TX,0040006625,1,0,,,,0,,,
TX,0040006628,1,0,,,,0,,,
TX,0040006634,1,0,,,,0,,,
TX,0040006635,1,0,,,,0,,,
TX,0040006647,1,0,,,,0,,,
TX,0040006658,1,0,,,,0,,,
TX,0040006682,1,0,,,,0,,,
TX,0040006690,1,0,,,,0,,,
TX,0040006834,1,0,,,,0,,,
TX,0040006917,1,0,,,,0,,,
TX,0040007007,1,0,,,,0,,,
TX,0040007037,1,0,,,,0,,,
TX,0040007042,1,0,,,,0,,,
TX,0040007044,1,0,,,,0,,,
TX,0040007073,1,0,,,,0,,,
TX,0040007093,1,0,,,,0,,,
TX,0040007102,1,0,,,,0,,,
TX,0040007105,1,0,,,,0,,,
TX,0040007121,1,0,,,,0,,,
TX,0040007126,1,0,,,,0,,,
TX,0040007134,1,0,,,,0,,,
TX,0040007165,1,0,,,,0,,,
TX,0040007197,1,0,,,,0,,,
TX,0040007198,1,0,,,,0,,,
TX,0040007202,1,0,,,,0,,,
TX,0040007204,1,0,,,,0,,,
TX,0040007231,1,0,,,,0,,,
TX,0040007274,1,0,,,,0,,,
TX,0040007281,1,0,,,,0,,,
TX,0040007310,1,0,,,,0,,,
TX,0040007324,1,0,,,,0,,,
TX,0040007362,1,0,,,,0,,,
TX,0040007380,1,0,,,,0,,,
TX,0040007381,1,0,,,,0,,,
TX,0040007397,1,0,,,,0,,,
TX,0040007401,1,0,,,,0,,,
TX,0040007414,1,0,,,,0,,,
TX,0040007422,1,0,,,,0,,,
TX,0040007447,1,0,,,,0,,,
TX,0040007467,1,0,,,,0,,,
TX,0040007496,1,0,,,,0,,,
TX,0040007523,1,0,,,,0,,,
TX,0040007539,1,0,,,,0,,,
TX,0040007544,1,0,,,,0,,,
TX,0040007550,1,0,,,,0,,,
TX,0040007551,1,0,,,,0,,,
TX,0040007569,1,0,,,,0,,,
TX,0040007587,1,0,,,,0,,,
TX,0040007591,1,0,,,,0,,,
TX,0040007593,1,0,,,,0,,,
TX,0040007598,1,0,,,,0,,,
TX,0040007601,1,0,,,,0,,,
TX,0040007611,1,0,,,,0,,,
TX,0040007631,1,0,,,,0,,,
TX,0040007636,1,0,,,,0,,,
TX,0040007648,1,0,,,,0,,,
TX,0040007653,1,0,,,,0,,,
TX,0040007662,1,0,,,,0,,,
TX,0040007667,1,0,,,,0,,,
TX,0040007670,1,0,,,,0,,,
TX,0040007691,1,0,,,,0,,,
TX,0040007693,1,0,,,,0,,,
TX,0040007698,1,0,,,,0,,,
TX,0040007708,1,0,,,,0,,,
TX,0040007726,1,0,,,,0,,,
TX,0040007743,1,0,,,,0,,,
TX,0040007767,1,0,,,,0,,,
TX,0040007788,1,0,,,,0,,,
TX,0040007802,1,0,,,,0,,,
TX,0040007812,1,0,,,,0,,,
TX,0040007818,1,0,,,,0,,,
TX,0040007822,1,0,,,,0,,,
TX,0040007833,1,0,,,,0,,,
TX,0040007859,1,0,,,,0,,,
TX,0040007864,1,0,,,,0,,,
TX,0040007869,1,0,,,,0,,,
TX,0040007872,1,0,,,,0,,,
TX,0040007882,1,0,,,,0,,,
TX,0040007885,1,0,,,,0,,,
TX,0040007913,1,0,,,,0,,,
TX,0040007914,1,0,,,,0,,,
TX,0040007915,1,0,,,,0,,,
TX,0040007934,1,0,,,,0,,,
TX,0040007940,1,0,,,,0,,,
TX,0040007941,1,0,,,,0,,,
TX,0040007960,1,0,,,,0,,,
TX,0040007967,1,0,,,,0,,,
TX,0040007972,1,0,,,,0,,,
TX,0040007982,1,0,,,,0,,,
TX,0040008006,1,0,,,,0,,,
TX,0040008028,1,0,,,,0,,,
TX,0040008033,1,0,,,,0,,,
TX,0040008036,1,0,,,,0,,,
TX,0040008042,1,0,,,,0,,,
TX,0040008052,1,0,,,,0,,,
TX,0040008054,1,0,,,,0,,,
TX,0040008057,1,0,,,,0,,,
TX,0040008067,1,0,,,,0,,,
TX,0040008068,1,0,,,,0,,,
TX,0040008074,1,0,,,,0,,,
TX,0040008109,1,0,,,,0,,,
TX,0040008127,1,0,,,,0,,,
TX,0040008146,1,0,,,,0,,,
TX,0040008161,1,0,,,,0,,,
TX,0040008171,1,0,,,,0,,,
TX,0040008178,1,0,,,,0,,,
TX,0040008193,1,0,,,,0,,,
TX,0040008206,1,0,,,,0,,,
TX,0040008209,1,0,,,,0,,,
TX,0040008226,1,0,,,,0,,,
TX,0040008234,1,0,,,,0,,,
TX,0040008253,1,0,,,,0,,,
TX,0040008254,1,0,,,,0,,,
TX,0040008269,1,0,,,,0,,,
TX,0040008278,1,0,,,,0,,,
TX,0040008289,1,0,,,,0,,,
TX,0040008303,1,0,,,,0,,,
TX,0040008316,1,0,,,,0,,,
TX,0040008325,1,0,,,,0,,,
TX,0040008328,1,0,,,,0,,,
TX,0040008338,1,0,,,,0,,,
TX,0040008341,1,0,,,,0,,,
TX,0040008352,1,0,,,,0,,,
TX,0040008366,1,0,,,,0,,,
TX,0040008373,1,0,,,,0,,,
TX,0040008374,1,0,,,,0,,,
TX,0040008397,1,0,,,,0,,,
TX,0040008420,1,0,,,,0,,,
TX,0040008421,1,0,,,,0,,,
TX,0040008447,1,0,,,,0,,,
TX,0040008448,1,0,,,,0,,,
TX,0040008453,1,0,,,,0,,,
TX,0040008464,1,0,,,,0,,,
TX,0040008473,1,0,,,,0,,,
TX,0040008477,1,0,,,,0,,,
TX,0040008509,1,0,,,,0,,,
TX,0040008529,1,0,,,,0,,,
TX,0040008532,1,0,,,,0,,,
TX,0040008540,1,0,,,,0,,,
TX,0040008555,1,0,,,,0,,,
TX,0040008562,1,0,,,,0,,,
TX,0040008569,1,0,,,,0,,,
TX,0040008591,1,0,,,,0,,,
TX,0040008667,1,0,,,,0,,,
TX,0040008668,1,0,,,,0,,,
TX,0040008775,1,0,,,,0,,,
TX,0040008829,1,0,,,,0,,,
TX,0040008837,1,0,,,,0,,,
TX,0040008877,1,0,,,,0,,,
TX,0040008986,1,0,,,,0,,,
TX,0040008994,1,0,,,,0,,,
TX,0040009031,1,0,,,,0,,,
TX,0040009173,1,0,,,,0,,,
TX,0040009187,1,0,,,,0,,,
TX,0040009244,1,0,,,,0,,,
TX,0040009268,1,0,,,,0,,,
TX,0040009310,1,0,,,,0,,,
TX,0040009357,1,0,,,,0,,,
TX,0040009478,1,0,,,,0,,,
TX,0040009493,1,0,,,,0,,,
TX,0040009572,1,0,,,,0,,,
TX,0040009587,1,0,,,,0,,,
TX,0040009661,1,0,,,,0,,,
TX,0040009662,1,0,,,,0,,,
TX,0040009808,1,0,,,,0,,,
TX,0040009814,1,0,,,,0,,,
TX,0040009818,1,0,,,,0,,,
TX,0040009880,1,0,,,,0,,,
TX,0040010016,1,0,,,,0,,,
TX,0040010019,1,0,,,,0,,,
TX,0040010036,1,0,,,,0,,,
TX,0040010168,1,0,,,,0,,,
TX,0040010189,1,0,,,,0,,,
TX,0040010193,1,0,,,,0,,,
TX,0040010220,1,0,,,,0,,,
TX,0040010227,1,0,,,,0,,,
TX,0040010231,1,0,,,,0,,,
TX,0040010252,1,0,,,,0,,,
TX,0040010263,1,0,,,,0,,,
TX,0040010307,1,0,,,,0,,,
TX,0040010317,1,0,,,,0,,,
TX,0040010323,1,0,,,,0,,,
TX,0040010326,2,2,-1.0,-3.484320557491289,1.0,0,,,
TX,0040010342,1,0,,,,0,,,
TX,0040010345,1,0,,,,0,,,
TX,0040010346,1,0,,,,0,,,
TX,0040010354,1,0,,,,0,,,
TX,0040010366,1,0,,,,0,,,
TX,0040010376,1,0,,,,0,,,
TX,0040010382,1,0,,,,0,,,
TX,0040010399,1,0,,,,0,,,
TX,0040010408,1,0,,,,0,,,
TX,0040010409,1,0,,,,0,,,
TX,0040010436,1,0,,,,0,,,
TX,0040010453,1,0,,,,0,,,
TX,0040010459,1,0,,,,0,,,
TX,0040010522,1,0,,,,0,,,
TX,0040010594,1,0,,,,0,,,
TX,0040010639,1,0,,,,0,,,
TX,0040010668,1,0,,,,0,,,
TX,0040010701,1,0,,,,0,,,
TX,0040010709,1,0,,,,0,,,
TX,0040010713,1,0,,,,0,,,
TX,0040010715,1,0,,,,0,,,
TX,0040010718,1,0,,,,0,,,
TX,0040010728,1,0,,,,0,,,
TX,0040010770,1,0,,,,0,,,
TX,0040010777,1,0,,,,0,,,
TX,0040010868,1,0,,,,0,,,
TX,0040010885,1,0,,,,0,,,
TX,0040010888,1,0,,,,0,,,
TX,0040010894,1,0,,,,0,,,
TX,0040010915,1,0,,,,0,,,
TX,0040010949,1,0,,,,0,,,
TX,0040010969,1,0,,,,0,,,
TX,0040010983,1,0,,,,0,,,
TX,0040011014,1,0,,,,0,,,
TX,0040011034,1,0,,,,0,,,
TX,0040011081,1,0,,,,0,,,
TX,0040011090,1,0,,,,0,,,
